<?xml version="1.0" encoding="UTF-8"?>
<kml xmlns="http://www.opengis.net/kml/2.2">
  <Document>
    <name>Zoneamento Ijuí </name>
    <description><![CDATA[Representação Ilustrativa do Zoneamento do Município de Ijuí, destinado apenas como meio de consulta. <br><br>Para maiores detalhes deve-se consultar o Plano Diretor (Lei n° 6929/2020) - Mapa 14<br>https://leismunicipais.com.br/a1/plano-diretor-ijui-rs ]]></description>
    <Style id="poly-000000-1-0-normal">
      <LineStyle>
        <color>ff000000</color>
        <width>0.001</width>
      </LineStyle>
      <PolyStyle>
        <color>00000000</color>
        <fill>1</fill>
        <outline>1</outline>
      </PolyStyle>
    </Style>
    <Style id="poly-000000-1-0-highlight">
      <LineStyle>
        <color>ff000000</color>
        <width>0.0015</width>
      </LineStyle>
      <PolyStyle>
        <color>00000000</color>
        <fill>1</fill>
        <outline>1</outline>
      </PolyStyle>
    </Style>
    <StyleMap id="poly-000000-1-0">
      <Pair>
        <key>normal</key>
        <styleUrl>#poly-000000-1-0-normal</styleUrl>
      </Pair>
      <Pair>
        <key>highlight</key>
        <styleUrl>#poly-000000-1-0-highlight</styleUrl>
      </Pair>
    </StyleMap>
    <Style id="poly-000000-1-74-normal">
      <LineStyle>
        <color>ff000000</color>
        <width>0.001</width>
      </LineStyle>
      <PolyStyle>
        <color>4a000000</color>
        <fill>1</fill>
        <outline>1</outline>
      </PolyStyle>
    </Style>
    <Style id="poly-000000-1-74-highlight">
      <LineStyle>
        <color>ff000000</color>
        <width>0.0015</width>
      </LineStyle>
      <PolyStyle>
        <color>4a000000</color>
        <fill>1</fill>
        <outline>1</outline>
      </PolyStyle>
    </Style>
    <StyleMap id="poly-000000-1-74">
      <Pair>
        <key>normal</key>
        <styleUrl>#poly-000000-1-74-normal</styleUrl>
      </Pair>
      <Pair>
        <key>highlight</key>
        <styleUrl>#poly-000000-1-74-highlight</styleUrl>
      </Pair>
    </StyleMap>
    <Style id="poly-000000-1-77-normal">
      <LineStyle>
        <color>ff000000</color>
        <width>0.001</width>
      </LineStyle>
      <PolyStyle>
        <color>4d000000</color>
        <fill>1</fill>
        <outline>1</outline>
      </PolyStyle>
    </Style>
    <Style id="poly-000000-1-77-highlight">
      <LineStyle>
        <color>ff000000</color>
        <width>0.0015</width>
      </LineStyle>
      <PolyStyle>
        <color>4d000000</color>
        <fill>1</fill>
        <outline>1</outline>
      </PolyStyle>
    </Style>
    <StyleMap id="poly-000000-1-77">
      <Pair>
        <key>normal</key>
        <styleUrl>#poly-000000-1-77-normal</styleUrl>
      </Pair>
      <Pair>
        <key>highlight</key>
        <styleUrl>#poly-000000-1-77-highlight</styleUrl>
      </Pair>
    </StyleMap>
    <Style id="poly-000000-1-94-normal">
      <LineStyle>
        <color>ff000000</color>
        <width>0.001</width>
      </LineStyle>
      <PolyStyle>
        <color>5e000000</color>
        <fill>1</fill>
        <outline>1</outline>
      </PolyStyle>
    </Style>
    <Style id="poly-000000-1-94-highlight">
      <LineStyle>
        <color>ff000000</color>
        <width>0.0015</width>
      </LineStyle>
      <PolyStyle>
        <color>5e000000</color>
        <fill>1</fill>
        <outline>1</outline>
      </PolyStyle>
    </Style>
    <StyleMap id="poly-000000-1-94">
      <Pair>
        <key>normal</key>
        <styleUrl>#poly-000000-1-94-normal</styleUrl>
      </Pair>
      <Pair>
        <key>highlight</key>
        <styleUrl>#poly-000000-1-94-highlight</styleUrl>
      </Pair>
    </StyleMap>
    <Style id="poly-000000-1200-102-normal">
      <LineStyle>
        <color>ff000000</color>
        <width>1.2</width>
      </LineStyle>
      <PolyStyle>
        <color>66000000</color>
        <fill>1</fill>
        <outline>1</outline>
      </PolyStyle>
    </Style>
    <Style id="poly-000000-1200-102-highlight">
      <LineStyle>
        <color>ff000000</color>
        <width>1.8</width>
      </LineStyle>
      <PolyStyle>
        <color>66000000</color>
        <fill>1</fill>
        <outline>1</outline>
      </PolyStyle>
    </Style>
    <StyleMap id="poly-000000-1200-102">
      <Pair>
        <key>normal</key>
        <styleUrl>#poly-000000-1200-102-normal</styleUrl>
      </Pair>
      <Pair>
        <key>highlight</key>
        <styleUrl>#poly-000000-1200-102-highlight</styleUrl>
      </Pair>
    </StyleMap>
    <Style id="poly-000000-1200-105-normal">
      <LineStyle>
        <color>ff000000</color>
        <width>1.2</width>
      </LineStyle>
      <PolyStyle>
        <color>69000000</color>
        <fill>1</fill>
        <outline>1</outline>
      </PolyStyle>
    </Style>
    <Style id="poly-000000-1200-105-highlight">
      <LineStyle>
        <color>ff000000</color>
        <width>1.8</width>
      </LineStyle>
      <PolyStyle>
        <color>69000000</color>
        <fill>1</fill>
        <outline>1</outline>
      </PolyStyle>
    </Style>
    <StyleMap id="poly-000000-1200-105">
      <Pair>
        <key>normal</key>
        <styleUrl>#poly-000000-1200-105-normal</styleUrl>
      </Pair>
      <Pair>
        <key>highlight</key>
        <styleUrl>#poly-000000-1200-105-highlight</styleUrl>
      </Pair>
    </StyleMap>
    <Style id="poly-000000-1200-77-normal">
      <LineStyle>
        <color>ff000000</color>
        <width>1.2</width>
      </LineStyle>
      <PolyStyle>
        <color>4d000000</color>
        <fill>1</fill>
        <outline>1</outline>
      </PolyStyle>
    </Style>
    <Style id="poly-000000-1200-77-highlight">
      <LineStyle>
        <color>ff000000</color>
        <width>1.8</width>
      </LineStyle>
      <PolyStyle>
        <color>4d000000</color>
        <fill>1</fill>
        <outline>1</outline>
      </PolyStyle>
    </Style>
    <StyleMap id="poly-000000-1200-77">
      <Pair>
        <key>normal</key>
        <styleUrl>#poly-000000-1200-77-normal</styleUrl>
      </Pair>
      <Pair>
        <key>highlight</key>
        <styleUrl>#poly-000000-1200-77-highlight</styleUrl>
      </Pair>
    </StyleMap>
    <Style id="poly-000000-201-77-normal">
      <LineStyle>
        <color>ff000000</color>
        <width>0.201</width>
      </LineStyle>
      <PolyStyle>
        <color>4d000000</color>
        <fill>1</fill>
        <outline>1</outline>
      </PolyStyle>
    </Style>
    <Style id="poly-000000-201-77-highlight">
      <LineStyle>
        <color>ff000000</color>
        <width>0.3015</width>
      </LineStyle>
      <PolyStyle>
        <color>4d000000</color>
        <fill>1</fill>
        <outline>1</outline>
      </PolyStyle>
    </Style>
    <StyleMap id="poly-000000-201-77">
      <Pair>
        <key>normal</key>
        <styleUrl>#poly-000000-201-77-normal</styleUrl>
      </Pair>
      <Pair>
        <key>highlight</key>
        <styleUrl>#poly-000000-201-77-highlight</styleUrl>
      </Pair>
    </StyleMap>
    <Style id="poly-097138-1200-77-normal">
      <LineStyle>
        <color>ff387109</color>
        <width>1.2</width>
      </LineStyle>
      <PolyStyle>
        <color>4d387109</color>
        <fill>1</fill>
        <outline>1</outline>
      </PolyStyle>
    </Style>
    <Style id="poly-097138-1200-77-highlight">
      <LineStyle>
        <color>ff387109</color>
        <width>1.8</width>
      </LineStyle>
      <PolyStyle>
        <color>4d387109</color>
        <fill>1</fill>
        <outline>1</outline>
      </PolyStyle>
    </Style>
    <StyleMap id="poly-097138-1200-77">
      <Pair>
        <key>normal</key>
        <styleUrl>#poly-097138-1200-77-normal</styleUrl>
      </Pair>
      <Pair>
        <key>highlight</key>
        <styleUrl>#poly-097138-1200-77-highlight</styleUrl>
      </Pair>
    </StyleMap>
    <Style id="poly-3949AB-1-0-normal">
      <LineStyle>
        <color>ffab4939</color>
        <width>0.001</width>
      </LineStyle>
      <PolyStyle>
        <color>00ab4939</color>
        <fill>1</fill>
        <outline>1</outline>
      </PolyStyle>
    </Style>
    <Style id="poly-3949AB-1-0-highlight">
      <LineStyle>
        <color>ffab4939</color>
        <width>0.0015</width>
      </LineStyle>
      <PolyStyle>
        <color>00ab4939</color>
        <fill>1</fill>
        <outline>1</outline>
      </PolyStyle>
    </Style>
    <StyleMap id="poly-3949AB-1-0">
      <Pair>
        <key>normal</key>
        <styleUrl>#poly-3949AB-1-0-normal</styleUrl>
      </Pair>
      <Pair>
        <key>highlight</key>
        <styleUrl>#poly-3949AB-1-0-highlight</styleUrl>
      </Pair>
    </StyleMap>
    <Style id="poly-3949AB-1-77-normal">
      <LineStyle>
        <color>ffab4939</color>
        <width>0.001</width>
      </LineStyle>
      <PolyStyle>
        <color>4dab4939</color>
        <fill>1</fill>
        <outline>1</outline>
      </PolyStyle>
    </Style>
    <Style id="poly-3949AB-1-77-highlight">
      <LineStyle>
        <color>ffab4939</color>
        <width>0.0015</width>
      </LineStyle>
      <PolyStyle>
        <color>4dab4939</color>
        <fill>1</fill>
        <outline>1</outline>
      </PolyStyle>
    </Style>
    <StyleMap id="poly-3949AB-1-77">
      <Pair>
        <key>normal</key>
        <styleUrl>#poly-3949AB-1-77-normal</styleUrl>
      </Pair>
      <Pair>
        <key>highlight</key>
        <styleUrl>#poly-3949AB-1-77-highlight</styleUrl>
      </Pair>
    </StyleMap>
    <Style id="poly-3949AB-1-89-normal">
      <LineStyle>
        <color>ffab4939</color>
        <width>0.001</width>
      </LineStyle>
      <PolyStyle>
        <color>59ab4939</color>
        <fill>1</fill>
        <outline>1</outline>
      </PolyStyle>
    </Style>
    <Style id="poly-3949AB-1-89-highlight">
      <LineStyle>
        <color>ffab4939</color>
        <width>0.0015</width>
      </LineStyle>
      <PolyStyle>
        <color>59ab4939</color>
        <fill>1</fill>
        <outline>1</outline>
      </PolyStyle>
    </Style>
    <StyleMap id="poly-3949AB-1-89">
      <Pair>
        <key>normal</key>
        <styleUrl>#poly-3949AB-1-89-normal</styleUrl>
      </Pair>
      <Pair>
        <key>highlight</key>
        <styleUrl>#poly-3949AB-1-89-highlight</styleUrl>
      </Pair>
    </StyleMap>
    <Style id="poly-3949AB-2-77-normal">
      <LineStyle>
        <color>ffab4939</color>
        <width>0.002</width>
      </LineStyle>
      <PolyStyle>
        <color>4dab4939</color>
        <fill>1</fill>
        <outline>1</outline>
      </PolyStyle>
    </Style>
    <Style id="poly-3949AB-2-77-highlight">
      <LineStyle>
        <color>ffab4939</color>
        <width>0.003</width>
      </LineStyle>
      <PolyStyle>
        <color>4dab4939</color>
        <fill>1</fill>
        <outline>1</outline>
      </PolyStyle>
    </Style>
    <StyleMap id="poly-3949AB-2-77">
      <Pair>
        <key>normal</key>
        <styleUrl>#poly-3949AB-2-77-normal</styleUrl>
      </Pair>
      <Pair>
        <key>highlight</key>
        <styleUrl>#poly-3949AB-2-77-highlight</styleUrl>
      </Pair>
    </StyleMap>
    <Style id="poly-4E342E-1-214-normal">
      <LineStyle>
        <color>ff2e344e</color>
        <width>0.001</width>
      </LineStyle>
      <PolyStyle>
        <color>d62e344e</color>
        <fill>1</fill>
        <outline>1</outline>
      </PolyStyle>
    </Style>
    <Style id="poly-4E342E-1-214-highlight">
      <LineStyle>
        <color>ff2e344e</color>
        <width>0.0015</width>
      </LineStyle>
      <PolyStyle>
        <color>d62e344e</color>
        <fill>1</fill>
        <outline>1</outline>
      </PolyStyle>
    </Style>
    <StyleMap id="poly-4E342E-1-214">
      <Pair>
        <key>normal</key>
        <styleUrl>#poly-4E342E-1-214-normal</styleUrl>
      </Pair>
      <Pair>
        <key>highlight</key>
        <styleUrl>#poly-4E342E-1-214-highlight</styleUrl>
      </Pair>
    </StyleMap>
    <Style id="poly-4E342E-1200-222-normal">
      <LineStyle>
        <color>ff2e344e</color>
        <width>1.2</width>
      </LineStyle>
      <PolyStyle>
        <color>de2e344e</color>
        <fill>1</fill>
        <outline>1</outline>
      </PolyStyle>
    </Style>
    <Style id="poly-4E342E-1200-222-highlight">
      <LineStyle>
        <color>ff2e344e</color>
        <width>1.8</width>
      </LineStyle>
      <PolyStyle>
        <color>de2e344e</color>
        <fill>1</fill>
        <outline>1</outline>
      </PolyStyle>
    </Style>
    <StyleMap id="poly-4E342E-1200-222">
      <Pair>
        <key>normal</key>
        <styleUrl>#poly-4E342E-1200-222-normal</styleUrl>
      </Pair>
      <Pair>
        <key>highlight</key>
        <styleUrl>#poly-4E342E-1200-222-highlight</styleUrl>
      </Pair>
    </StyleMap>
    <Style id="poly-673AB7-1200-77-normal">
      <LineStyle>
        <color>ffb73a67</color>
        <width>1.2</width>
      </LineStyle>
      <PolyStyle>
        <color>4db73a67</color>
        <fill>1</fill>
        <outline>1</outline>
      </PolyStyle>
    </Style>
    <Style id="poly-673AB7-1200-77-highlight">
      <LineStyle>
        <color>ffb73a67</color>
        <width>1.8</width>
      </LineStyle>
      <PolyStyle>
        <color>4db73a67</color>
        <fill>1</fill>
        <outline>1</outline>
      </PolyStyle>
    </Style>
    <StyleMap id="poly-673AB7-1200-77">
      <Pair>
        <key>normal</key>
        <styleUrl>#poly-673AB7-1200-77-normal</styleUrl>
      </Pair>
      <Pair>
        <key>highlight</key>
        <styleUrl>#poly-673AB7-1200-77-highlight</styleUrl>
      </Pair>
    </StyleMap>
    <Style id="poly-757575-1-138-normal">
      <LineStyle>
        <color>ff757575</color>
        <width>0.001</width>
      </LineStyle>
      <PolyStyle>
        <color>8a757575</color>
        <fill>1</fill>
        <outline>1</outline>
      </PolyStyle>
    </Style>
    <Style id="poly-757575-1-138-highlight">
      <LineStyle>
        <color>ff757575</color>
        <width>0.0015</width>
      </LineStyle>
      <PolyStyle>
        <color>8a757575</color>
        <fill>1</fill>
        <outline>1</outline>
      </PolyStyle>
    </Style>
    <StyleMap id="poly-757575-1-138">
      <Pair>
        <key>normal</key>
        <styleUrl>#poly-757575-1-138-normal</styleUrl>
      </Pair>
      <Pair>
        <key>highlight</key>
        <styleUrl>#poly-757575-1-138-highlight</styleUrl>
      </Pair>
    </StyleMap>
    <Style id="poly-757575-201-145-normal">
      <LineStyle>
        <color>ff757575</color>
        <width>0.201</width>
      </LineStyle>
      <PolyStyle>
        <color>91757575</color>
        <fill>1</fill>
        <outline>1</outline>
      </PolyStyle>
    </Style>
    <Style id="poly-757575-201-145-highlight">
      <LineStyle>
        <color>ff757575</color>
        <width>0.3015</width>
      </LineStyle>
      <PolyStyle>
        <color>91757575</color>
        <fill>1</fill>
        <outline>1</outline>
      </PolyStyle>
    </Style>
    <StyleMap id="poly-757575-201-145">
      <Pair>
        <key>normal</key>
        <styleUrl>#poly-757575-201-145-normal</styleUrl>
      </Pair>
      <Pair>
        <key>highlight</key>
        <styleUrl>#poly-757575-201-145-highlight</styleUrl>
      </Pair>
    </StyleMap>
    <Style id="poly-A52714-1200-77-nodesc-normal">
      <LineStyle>
        <color>ff1427a5</color>
        <width>1.2</width>
      </LineStyle>
      <PolyStyle>
        <color>4d1427a5</color>
        <fill>1</fill>
        <outline>1</outline>
      </PolyStyle>
      <BalloonStyle>
        <text><![CDATA[<h3>$[name]</h3>]]></text>
      </BalloonStyle>
    </Style>
    <Style id="poly-A52714-1200-77-nodesc-highlight">
      <LineStyle>
        <color>ff1427a5</color>
        <width>1.8</width>
      </LineStyle>
      <PolyStyle>
        <color>4d1427a5</color>
        <fill>1</fill>
        <outline>1</outline>
      </PolyStyle>
      <BalloonStyle>
        <text><![CDATA[<h3>$[name]</h3>]]></text>
      </BalloonStyle>
    </Style>
    <StyleMap id="poly-A52714-1200-77-nodesc">
      <Pair>
        <key>normal</key>
        <styleUrl>#poly-A52714-1200-77-nodesc-normal</styleUrl>
      </Pair>
      <Pair>
        <key>highlight</key>
        <styleUrl>#poly-A52714-1200-77-nodesc-highlight</styleUrl>
      </Pair>
    </StyleMap>
    <Style id="poly-F48FB1-1200-77-nodesc-normal">
      <LineStyle>
        <color>ffb18ff4</color>
        <width>1.2</width>
      </LineStyle>
      <PolyStyle>
        <color>4db18ff4</color>
        <fill>1</fill>
        <outline>1</outline>
      </PolyStyle>
      <BalloonStyle>
        <text><![CDATA[<h3>$[name]</h3>]]></text>
      </BalloonStyle>
    </Style>
    <Style id="poly-F48FB1-1200-77-nodesc-highlight">
      <LineStyle>
        <color>ffb18ff4</color>
        <width>1.8</width>
      </LineStyle>
      <PolyStyle>
        <color>4db18ff4</color>
        <fill>1</fill>
        <outline>1</outline>
      </PolyStyle>
      <BalloonStyle>
        <text><![CDATA[<h3>$[name]</h3>]]></text>
      </BalloonStyle>
    </Style>
    <StyleMap id="poly-F48FB1-1200-77-nodesc">
      <Pair>
        <key>normal</key>
        <styleUrl>#poly-F48FB1-1200-77-nodesc-normal</styleUrl>
      </Pair>
      <Pair>
        <key>highlight</key>
        <styleUrl>#poly-F48FB1-1200-77-nodesc-highlight</styleUrl>
      </Pair>
    </StyleMap>
    <Style id="poly-F9A825-101-77-normal">
      <LineStyle>
        <color>ff25a8f9</color>
        <width>0.101</width>
      </LineStyle>
      <PolyStyle>
        <color>4d25a8f9</color>
        <fill>1</fill>
        <outline>1</outline>
      </PolyStyle>
    </Style>
    <Style id="poly-F9A825-101-77-highlight">
      <LineStyle>
        <color>ff25a8f9</color>
        <width>0.1515</width>
      </LineStyle>
      <PolyStyle>
        <color>4d25a8f9</color>
        <fill>1</fill>
        <outline>1</outline>
      </PolyStyle>
    </Style>
    <StyleMap id="poly-F9A825-101-77">
      <Pair>
        <key>normal</key>
        <styleUrl>#poly-F9A825-101-77-normal</styleUrl>
      </Pair>
      <Pair>
        <key>highlight</key>
        <styleUrl>#poly-F9A825-101-77-highlight</styleUrl>
      </Pair>
    </StyleMap>
    <Style id="poly-F9A825-1200-77-normal">
      <LineStyle>
        <color>ff25a8f9</color>
        <width>1.2</width>
      </LineStyle>
      <PolyStyle>
        <color>4d25a8f9</color>
        <fill>1</fill>
        <outline>1</outline>
      </PolyStyle>
    </Style>
    <Style id="poly-F9A825-1200-77-highlight">
      <LineStyle>
        <color>ff25a8f9</color>
        <width>1.8</width>
      </LineStyle>
      <PolyStyle>
        <color>4d25a8f9</color>
        <fill>1</fill>
        <outline>1</outline>
      </PolyStyle>
    </Style>
    <StyleMap id="poly-F9A825-1200-77">
      <Pair>
        <key>normal</key>
        <styleUrl>#poly-F9A825-1200-77-normal</styleUrl>
      </Pair>
      <Pair>
        <key>highlight</key>
        <styleUrl>#poly-F9A825-1200-77-highlight</styleUrl>
      </Pair>
    </StyleMap>
    <Style id="poly-FF5252-1200-77-normal">
      <LineStyle>
        <color>ff5252ff</color>
        <width>1.2</width>
      </LineStyle>
      <PolyStyle>
        <color>4d5252ff</color>
        <fill>1</fill>
        <outline>1</outline>
      </PolyStyle>
    </Style>
    <Style id="poly-FF5252-1200-77-highlight">
      <LineStyle>
        <color>ff5252ff</color>
        <width>1.8</width>
      </LineStyle>
      <PolyStyle>
        <color>4d5252ff</color>
        <fill>1</fill>
        <outline>1</outline>
      </PolyStyle>
    </Style>
    <StyleMap id="poly-FF5252-1200-77">
      <Pair>
        <key>normal</key>
        <styleUrl>#poly-FF5252-1200-77-normal</styleUrl>
      </Pair>
      <Pair>
        <key>highlight</key>
        <styleUrl>#poly-FF5252-1200-77-highlight</styleUrl>
      </Pair>
    </StyleMap>
    <Style id="poly-FFEA00-1200-77-normal">
      <LineStyle>
        <color>ff00eaff</color>
        <width>1.2</width>
      </LineStyle>
      <PolyStyle>
        <color>4d00eaff</color>
        <fill>1</fill>
        <outline>1</outline>
      </PolyStyle>
    </Style>
    <Style id="poly-FFEA00-1200-77-highlight">
      <LineStyle>
        <color>ff00eaff</color>
        <width>1.8</width>
      </LineStyle>
      <PolyStyle>
        <color>4d00eaff</color>
        <fill>1</fill>
        <outline>1</outline>
      </PolyStyle>
    </Style>
    <StyleMap id="poly-FFEA00-1200-77">
      <Pair>
        <key>normal</key>
        <styleUrl>#poly-FFEA00-1200-77-normal</styleUrl>
      </Pair>
      <Pair>
        <key>highlight</key>
        <styleUrl>#poly-FFEA00-1200-77-highlight</styleUrl>
      </Pair>
    </StyleMap>
    <Folder>
      <name>Zoneamento</name>
      <Placemark>
        <name>ZC2</name>
        <description>Zona Comercial 2</description>
        <styleUrl>#poly-000000-1-77</styleUrl>
        <Polygon>
          <outerBoundaryIs>
            <LinearRing>
              <tessellate>1</tessellate>
              <coordinates>
                -53.9272159,-28.3859984,0
                -53.9272418,-28.3863462,0
                -53.9272248,-28.3868781,0
                -53.9272029,-28.3877672,0
                -53.9271793,-28.389178,0
                -53.9220536,-28.3891072,0
                -53.9220482,-28.3886447,0
                -53.9220737,-28.3880453,0
                -53.9221501,-28.3860821,0
                -53.9221542,-28.3847618,0
                -53.9232673,-28.3847948,0
                -53.9236415,-28.3848125,0
                -53.9237756,-28.3848102,0
                -53.9243563,-28.3847807,0
                -53.9250268,-28.3846804,0
                -53.9254291,-28.3846403,0
                -53.9258771,-28.3846002,0
                -53.9260487,-28.3845825,0
                -53.9262311,-28.3847417,0
                -53.9266603,-28.3844775,0
                -53.927182,-28.385735,0
                -53.9272092,-28.385904,0
                -53.9272159,-28.3859984,0
              </coordinates>
            </LinearRing>
          </outerBoundaryIs>
          <innerBoundaryIs>
            <LinearRing>
              <tessellate>1</tessellate>
              <coordinates>
                -53.926898,-28.388891,0
                -53.922341,-28.388833,0
                -53.922411,-28.384984,0
                -53.9243557,-28.3849781,0
                -53.925055,-28.384871,0
                -53.925666,-28.384835,0
                -53.926921,-28.385772,0
                -53.9269209,-28.3859547,0
                -53.926898,-28.388891,0
              </coordinates>
            </LinearRing>
          </innerBoundaryIs>
        </Polygon>
      </Placemark>
      <Placemark>
        <name>ZC2 + ZR3 + ZI1</name>
        <description><![CDATA[Zona Comercial 2 + Zona Residencial 3 + Zona Industrial 1<br><br>EMPREENDEDORES<br>Antes de abrir seu empreendimento verifique as atividades permitidas no zoneamento (alvarás e licenças).<br>CONSTRUÇÕES<br>Verifique os parâmetros urbanísticos para edificações.<br><br>Acesse neste link o regime urbanístico (Anexo 1) e a lista de atividades permitidas no zoneamento (Anexo 3)<br>https://drive.google.com/file/d/1oRPJhnkInDqgu7KWmKXnNr1rbkjEIcyL/view?usp=sharing<br><br><br>*Este mapa é ilustrativo, em caso de dúvidas contatar a Secretaria Municipal de Planejamento (55) 3331-8200.]]></description>
        <styleUrl>#poly-757575-1-138</styleUrl>
        <Polygon>
          <outerBoundaryIs>
            <LinearRing>
              <tessellate>1</tessellate>
              <coordinates>
                -53.9015501,-28.3708202,0
                -53.895958,-28.370801,0
                -53.8954796,-28.3708985,0
                -53.8947839,-28.3708259,0
                -53.8817206,-28.3707553,0
                -53.8817446,-28.3704958,0
                -53.8948392,-28.3705716,0
                -53.8954561,-28.3706211,0
                -53.895896,-28.3705406,0
                -53.9015891,-28.3706135,0
                -53.9015501,-28.3708202,0
              </coordinates>
            </LinearRing>
          </outerBoundaryIs>
        </Polygon>
      </Placemark>
      <Placemark>
        <name>ZC1</name>
        <description>Zona Comercial 1</description>
        <styleUrl>#poly-3949AB-1-77</styleUrl>
        <Polygon>
          <outerBoundaryIs>
            <LinearRing>
              <tessellate>1</tessellate>
              <coordinates>
                -53.922411,-28.384984,0
                -53.924319,-28.384986,0
                -53.925055,-28.384871,0
                -53.925666,-28.384835,0
                -53.926921,-28.385772,0
                -53.926898,-28.388891,0
                -53.922341,-28.388833,0
                -53.922411,-28.384984,0
              </coordinates>
            </LinearRing>
          </outerBoundaryIs>
          <innerBoundaryIs>
            <LinearRing>
              <tessellate>1</tessellate>
              <coordinates>
                -53.925684,-28.388,0
                -53.923428,-28.388017,0
                -53.92347,-28.385968,0
                -53.925746,-28.386073,0
                -53.925684,-28.388,0
              </coordinates>
            </LinearRing>
          </innerBoundaryIs>
        </Polygon>
      </Placemark>
      <Placemark>
        <name>ZC3</name>
        <description><![CDATA[Zona Comercial 3<br><br>EMPREENDEDORES<br>Antes de abrir seu empreendimento verifique as atividades permitidas no zoneamento (alvarás e licenças).<br>CONSTRUÇÕES<br>Verifique os parâmetros urbanísticos para edificações.<br><br>Acesse neste link o regime urbanístico (Anexo 1) e a lista de atividades permitidas no zoneamento (Anexo 3)<br>https://drive.google.com/file/d/1oRPJhnkInDqgu7KWmKXnNr1rbkjEIcyL/view?usp=sharing<br><br><br>*Este mapa é ilustrativo, em caso de dúvidas contatar a Secretaria Municipal de Planejamento (55) 3331-8200.]]></description>
        <styleUrl>#poly-4E342E-1-214</styleUrl>
        <Polygon>
          <outerBoundaryIs>
            <LinearRing>
              <tessellate>1</tessellate>
              <coordinates>
                -53.9553161,-28.4014386,0
                -53.9518074,-28.4031974,0
                -53.946722,-28.4057172,0
                -53.9430849,-28.4075479,0
                -53.9399091,-28.4091428,0
                -53.9369909,-28.4105772,0
                -53.9337723,-28.4121814,0
                -53.9298562,-28.4141442,0
                -53.9253179,-28.41639,0
                -53.9224748,-28.4178054,0
                -53.9220285,-28.4180468,0
                -53.9219015,-28.4208177,0
                -53.9215855,-28.4209557,0
                -53.9215436,-28.4224056,0
                -53.9229121,-28.4229796,0
                -53.9228667,-28.4233657,0
                -53.9215232,-28.4228176,0
                -53.9203298,-28.4222548,0
                -53.919004,-28.4215854,0
                -53.9188108,-28.421727,0
                -53.9167992,-28.4203908,0
                -53.9160213,-28.4198776,0
                -53.915426,-28.4206466,0
                -53.914513,-28.4213616,0
                -53.914213,-28.4215106,0
                -53.9130549,-28.4218628,0
                -53.912559,-28.4220146,0
                -53.9115421,-28.4222874,0
                -53.911548,-28.4215666,0
                -53.913313,-28.4210996,0
                -53.9139454,-28.420806,0
                -53.914469,-28.4205146,0
                -53.915027,-28.4198956,0
                -53.91554,-28.4187516,0
                -53.9147178,-28.4183715,0
                -53.913999,-28.4179469,0
                -53.9135162,-28.4176072,0
                -53.912935,-28.4171226,0
                -53.911959,-28.4159936,0
                -53.911149,-28.4152866,0
                -53.9102546,-28.414616,0
                -53.909001,-28.4137676,0
                -53.9072184,-28.4126343,0
                -53.9057056,-28.4116435,0
                -53.9039675,-28.4105677,0
                -53.9031092,-28.4099732,0
                -53.901833,-28.4091576,0
                -53.9008562,-28.4083406,0
                -53.9001159,-28.4075196,0
                -53.899347,-28.4061246,0
                -53.898971,-28.4049776,0
                -53.8987319,-28.4039335,0
                -53.89828,-28.4018486,0
                -53.89765,-28.3990996,0
                -53.8968758,-28.3968176,0
                -53.8958887,-28.3946657,0
                -53.895622,-28.3942666,0
                -53.895246,-28.3939326,0
                -53.8950197,-28.3936087,0
                -53.894848,-28.3932311,0
                -53.894677,-28.3927376,0
                -53.8933245,-28.3907677,0
                -53.892064,-28.3891566,0
                -53.8896553,-28.3867091,0
                -53.8885395,-28.3858125,0
                -53.8863401,-28.3842928,0
                -53.8855569,-28.383868,0
                -53.883722,-28.3830006,0
                -53.881564,-28.3821166,0
                -53.8794522,-28.3812345,0
                -53.8775102,-28.380536,0
                -53.8759151,-28.3799245,0
                -53.8723444,-28.3784522,0
                -53.8712753,-28.3778542,0
                -53.8682065,-28.3761844,0
                -53.8661181,-28.3754989,0
                -53.8646177,-28.3752032,0
                -53.8604849,-28.3748044,0
                -53.8549017,-28.3742752,0
                -53.8518361,-28.373993,0
                -53.8503688,-28.3740545,0
                -53.8472496,-28.3750728,0
                -53.8460752,-28.3754022,0
                -53.8450781,-28.3755064,0
                -53.8443087,-28.3755632,0
                -53.8433714,-28.3755232,0
                -53.842596,-28.3753498,0
                -53.8399192,-28.3747073,0
                -53.8399228,-28.3743229,0
                -53.8399161,-28.3741048,0
                -53.8408054,-28.3743207,0
                -53.8413555,-28.3744467,0
                -53.8422575,-28.3746769,0
                -53.843326,-28.3749114,0
                -53.8440023,-28.3750077,0
                -53.8447753,-28.3750402,0
                -53.8454447,-28.3750207,0
                -53.8460953,-28.3749187,0
                -53.846226,-28.374906,0
                -53.8464719,-28.3748414,0
                -53.8470819,-28.3746178,0
                -53.8484375,-28.3741175,0
                -53.849255,-28.373839,0
                -53.8501242,-28.3736222,0
                -53.851191,-28.373476,0
                -53.8523261,-28.3735126,0
                -53.8535927,-28.3736224,0
                -53.8582425,-28.374089,0
                -53.8618382,-28.3743926,0
                -53.8649509,-28.3746889,0
                -53.8662896,-28.3748743,0
                -53.868139,-28.375429,0
                -53.8698222,-28.3763349,0
                -53.870552,-28.376727,0
                -53.8721136,-28.3776192,0
                -53.874295,-28.3785106,0
                -53.8759653,-28.3791201,0
                -53.8800422,-28.3806681,0
                -53.881738,-28.3813306,0
                -53.8841836,-28.3824144,0
                -53.885589,-28.383028,0
                -53.887464,-28.3841553,0
                -53.8881647,-28.3834066,0
                -53.8889479,-28.3825949,0
                -53.889774,-28.3817878,0
                -53.8900851,-28.3814339,0
                -53.890639,-28.3809326,0
                -53.892358,-28.3797606,0
                -53.8932984,-28.3792439,0
                -53.8941031,-28.3787956,0
                -53.895084,-28.3782086,0
                -53.8961272,-28.3776035,0
                -53.8976828,-28.376669,0
                -53.8983724,-28.3762431,0
                -53.8991778,-28.37552,0
                -53.8997465,-28.3749017,0
                -53.9001756,-28.374307,0
                -53.900434,-28.3738126,0
                -53.9008569,-28.3729901,0
                -53.9011949,-28.3722019,0
                -53.9013987,-28.3715033,0
                -53.9016025,-28.3706159,0
                -53.901683,-28.3689119,0
                -53.9016562,-28.3680481,0
                -53.9016991,-28.3663064,0
                -53.9017039,-28.3661599,0
                -53.9022133,-28.3661974,0
                -53.902176,-28.368926,0
                -53.9021492,-28.3700352,0
                -53.9021492,-28.3707054,0
                -53.9019185,-28.3718005,0
                -53.9016851,-28.3725669,0
                -53.901205,-28.3737971,0
                -53.900911,-28.3743915,0
                -53.9006847,-28.3747315,0
                -53.900242,-28.3752996,0
                -53.89962,-28.3759726,0
                -53.8992173,-28.3763579,0
                -53.8983842,-28.3770138,0
                -53.8981687,-28.3771717,0
                -53.897584,-28.3775211,0
                -53.8966614,-28.378045,0
                -53.8954114,-28.3787576,0
                -53.8942688,-28.3794656,0
                -53.893049,-28.3801376,0
                -53.892461,-28.3805323,0
                -53.8916885,-28.3810845,0
                -53.8903474,-28.3822172,0
                -53.888781,-28.3838124,0
                -53.8880837,-28.3845439,0
                -53.8891297,-28.3852943,0
                -53.8904333,-28.3863467,0
                -53.8916725,-28.3875219,0
                -53.8925522,-28.3885224,0
                -53.8934964,-28.3897258,0
                -53.8942527,-28.3908159,0
                -53.8953363,-28.3923213,0
                -53.8960123,-28.3930764,0
                -53.8962054,-28.3934964,0
                -53.8963663,-28.3939447,0
                -53.8971388,-28.395384,0
                -53.8976645,-28.3965874,0
                -53.8979488,-28.3973849,0
                -53.8983726,-28.398659,0
                -53.8987267,-28.4001407,0
                -53.8990163,-28.401344,0
                -53.899446,-28.4034066,0
                -53.8996493,-28.4043026,0
                -53.8999712,-28.4055624,0
                -53.9002233,-28.4061758,0
                -53.9005506,-28.4068081,0
                -53.901291,-28.4077766,0
                -53.90172,-28.408167,0
                -53.9033401,-28.4092664,0
                -53.905341,-28.4105168,0
                -53.905915,-28.4108565,0
                -53.907454,-28.4119296,0
                -53.9091122,-28.412942,0
                -53.9110434,-28.4142348,0
                -53.912002,-28.4149946,0
                -53.9131516,-28.4160465,0
                -53.9141547,-28.4169147,0
                -53.9155758,-28.4177897,0
                -53.9163595,-28.4180942,0
                -53.9177538,-28.4184125,0
                -53.918811,-28.4183961,0
                -53.9191866,-28.4183537,0
                -53.9196908,-28.4182404,0
                -53.920267,-28.4180006,0
                -53.921095,-28.4173816,0
                -53.921468,-28.4171646,0
                -53.9217034,-28.4170786,0
                -53.9220887,-28.416976,0
                -53.922807,-28.4167966,0
                -53.9236766,-28.4164098,0
                -53.925023,-28.4157634,0
                -53.9260959,-28.4152161,0
                -53.9282685,-28.4141215,0
                -53.9304143,-28.4130694,0
                -53.932414,-28.4120776,0
                -53.9322279,-28.4120527,0
                -53.9340567,-28.4111349,0
                -53.9361327,-28.4100733,0
                -53.9380049,-28.4091343,0
                -53.9403867,-28.4079405,0
                -53.941917,-28.4071596,0
                -53.9436805,-28.4062419,0
                -53.9458906,-28.4051519,0
                -53.9478969,-28.4040949,0
                -53.9505362,-28.4027596,0
                -53.9526176,-28.4016837,0
                -53.9546883,-28.4006302,0
                -53.9547085,-28.4006146,0
                -53.9548516,-28.4006142,0
                -53.9553161,-28.4014386,0
              </coordinates>
            </LinearRing>
          </outerBoundaryIs>
        </Polygon>
      </Placemark>
      <Placemark>
        <name>ZC2 + ZR3 + ZI1</name>
        <description><![CDATA[Zona Comercial 2 + Zona Residencial 3 + Zona Industrial 1<br><br>EMPREENDEDORES<br>Antes de abrir seu empreendimento verifique as atividades permitidas no zoneamento (alvarás e licenças).<br>CONSTRUÇÕES<br>Verifique os parâmetros urbanísticos para edificações.<br><br>Acesse neste link o regime urbanístico (Anexo 1) e a lista de atividades permitidas no zoneamento (Anexo 3)<br>https://drive.google.com/file/d/1oRPJhnkInDqgu7KWmKXnNr1rbkjEIcyL/view?usp=sharing<br><br><br>*Este mapa é ilustrativo, em caso de dúvidas contatar a Secretaria Municipal de Planejamento (55) 3331-8200.]]></description>
        <styleUrl>#poly-000000-1-77</styleUrl>
        <Polygon>
          <outerBoundaryIs>
            <LinearRing>
              <tessellate>1</tessellate>
              <coordinates>
                -53.9014608,-28.3798533,0
                -53.901814,-28.379849,0
                -53.901689,-28.388743,0
                -53.894129,-28.388734,0
                -53.894101,-28.379785,0
                -53.9014608,-28.3798533,0
              </coordinates>
            </LinearRing>
          </outerBoundaryIs>
          <innerBoundaryIs>
            <LinearRing>
              <tessellate>1</tessellate>
              <coordinates>
                -53.901447,-28.388514,0
                -53.894389,-28.388516,0
                -53.894335,-28.380043,0
                -53.9014528,-28.3800633,0
                -53.901546,-28.380062,0
                -53.901447,-28.388514,0
              </coordinates>
            </LinearRing>
          </innerBoundaryIs>
        </Polygon>
      </Placemark>
      <Placemark>
        <name>ZC3</name>
        <description><![CDATA[Zona Comercial 3<br><br>EMPREENDEDORES<br>Antes de abrir seu empreendimento verifique as atividades permitidas no zoneamento (alvarás e licenças).<br>CONSTRUÇÕES<br>Verifique os parâmetros urbanísticos para edificações.<br><br>Acesse neste link o regime urbanístico (Anexo 1) e a lista de atividades permitidas no zoneamento (Anexo 3)<br>https://drive.google.com/file/d/1oRPJhnkInDqgu7KWmKXnNr1rbkjEIcyL/view?usp=sharing<br><br><br>*Este mapa é ilustrativo, em caso de dúvidas contatar a Secretaria Municipal de Planejamento (55) 3331-8200.]]></description>
        <styleUrl>#poly-4E342E-1-214</styleUrl>
        <Polygon>
          <outerBoundaryIs>
            <LinearRing>
              <tessellate>1</tessellate>
              <coordinates>
                -53.9014115,-28.3736973,0
                -53.9013511,-28.3737115,0
                -53.9011897,-28.3738538,0
                -53.9016851,-28.3725763,0
                -53.901792,-28.372199,0
                -53.9018997,-28.3718683,0
                -53.9019426,-28.3716866,0
                -53.901996,-28.371423,0
                -53.9021357,-28.3706717,0
                -53.9021356,-28.369959,0
                -53.9021758,-28.3680806,0
                -53.9021972,-28.3662045,0
                -53.9023607,-28.3598786,0
                -53.9024868,-28.3598857,0
                -53.9023635,-28.3662021,0
                -53.9034467,-28.3662264,0
                -53.9033105,-28.3707945,0
                -53.9030757,-28.3707935,0
                -53.9029207,-28.37079,0
                -53.9027939,-28.3707913,0
                -53.90228,-28.370786,0
                -53.90223,-28.371302,0
                -53.9020139,-28.3720229,0
                -53.9014115,-28.3736973,0
              </coordinates>
            </LinearRing>
          </outerBoundaryIs>
        </Polygon>
      </Placemark>
      <Placemark>
        <name>ZC2 + ZR3 + ZI1</name>
        <description><![CDATA[Zona Comercial 2 + Zona Residencial 3 + Zona Industrial 1<br><br>EMPREENDEDORES<br>Antes de abrir seu empreendimento verifique as atividades permitidas no zoneamento (alvarás e licenças).<br>CONSTRUÇÕES<br>Verifique os parâmetros urbanísticos para edificações.<br><br>Acesse neste link o regime urbanístico (Anexo 1) e a lista de atividades permitidas no zoneamento (Anexo 3)<br>https://drive.google.com/file/d/1oRPJhnkInDqgu7KWmKXnNr1rbkjEIcyL/view?usp=sharing<br><br><br>*Este mapa é ilustrativo, em caso de dúvidas contatar a Secretaria Municipal de Planejamento (55) 3331-8200.]]></description>
        <styleUrl>#poly-000000-1-77</styleUrl>
        <Polygon>
          <outerBoundaryIs>
            <LinearRing>
              <tessellate>1</tessellate>
              <coordinates>
                -53.942568,-28.394037,0
                -53.942656,-28.387314,0
                -53.942965,-28.3779367,0
                -53.9431237,-28.3779421,0
                -53.9428997,-28.3873173,0
                -53.9428836,-28.3890305,0
                -53.9428648,-28.3892216,0
                -53.9428621,-28.3894175,0
                -53.9436346,-28.389441,0
                -53.9444463,-28.389508,0
                -53.9452245,-28.3896005,0
                -53.9455575,-28.3896862,0
                -53.9460728,-28.3898805,0
                -53.9463359,-28.3899835,0
                -53.9469478,-28.3901149,0
                -53.94756,-28.3900237,0
                -53.9486543,-28.3896722,0
                -53.9498076,-28.3893489,0
                -53.9513365,-28.389448,0
                -53.951653,-28.3894857,0
                -53.951991,-28.3894716,0
                -53.9523987,-28.3893866,0
                -53.9526937,-28.3893253,0
                -53.9527567,-28.3892984,0
                -53.952753,-28.3904505,0
                -53.952744,-28.391678,0
                -53.9526949,-28.3931695,0
                -53.9526554,-28.3941678,0
                -53.942568,-28.394037,0
              </coordinates>
            </LinearRing>
          </outerBoundaryIs>
        </Polygon>
      </Placemark>
      <Placemark>
        <name>ZR1</name>
        <description><![CDATA[Zona Residencial 1<br><br>EMPREENDEDORES <br>Antes de abrir seu empreendimento verifique as atividades permitidas no zoneamento (alvarás e licenças).<br>CONSTRUÇÕES<br>Verifique os parâmetros urbanísticos para edificações.<br><br>Acesse neste link o regime urbanístico (Anexo 1) e a lista de atividades permitidas no zoneamento (Anexo 3)<br>https://drive.google.com/file/d/1oRPJhnkInDqgu7KWmKXnNr1rbkjEIcyL/view?usp=sharing<br><br><br>*Este mapa é ilustrativo, em caso de dúvidas contatar a Secretaria Municipal de Planejamento (55) 3331-8200.]]></description>
        <styleUrl>#poly-F9A825-1200-77</styleUrl>
        <Polygon>
          <outerBoundaryIs>
            <LinearRing>
              <tessellate>1</tessellate>
              <coordinates>
                -53.943077,-28.371555,0
                -53.949328,-28.371714,0
                -53.949515,-28.371792,0
                -53.949602,-28.372188,0
                -53.948506,-28.373473,0
                -53.948116,-28.374826,0
                -53.9472449,-28.3750227,0
                -53.946851,-28.375443,0
                -53.946691,-28.375907,0
                -53.946644,-28.3765236,0
                -53.946881,-28.377472,0
                -53.9468781,-28.3778639,0
                -53.9494946,-28.377805,0
                -53.949467,-28.3788988,0
                -53.946768,-28.3789543,0
                -53.9460842,-28.379761,0
                -53.946491,-28.380315,0
                -53.946909,-28.38046,0
                -53.9480791,-28.380433,0
                -53.949203,-28.380406,0
                -53.9490025,-28.3855189,0
                -53.9511598,-28.385655,0
                -53.9512054,-28.3864502,0
                -53.9515943,-28.3867169,0
                -53.9516183,-28.3881905,0
                -53.9523612,-28.3881846,0
                -53.9523663,-28.3886188,0
                -53.9527146,-28.3886094,0
                -53.9527299,-28.3892984,0
                -53.951991,-28.3894716,0
                -53.951653,-28.3894857,0
                -53.951236,-28.3894458,0
                -53.9498076,-28.3893489,0
                -53.9483673,-28.3897571,0
                -53.94756,-28.3900237,0
                -53.9469478,-28.3901149,0
                -53.9462739,-28.3899602,0
                -53.9455575,-28.3896862,0
                -53.9452245,-28.3896005,0
                -53.944339,-28.3894985,0
                -53.943626,-28.3894368,0
                -53.9428621,-28.3894175,0
                -53.9428997,-28.3873173,0
                -53.9428782,-28.386331,0
                -53.9431237,-28.3779421,0
                -53.942965,-28.3779367,0
                -53.9429575,-28.3772098,0
                -53.942993,-28.3764734,0
                -53.9430188,-28.3760085,0
                -53.9430767,-28.3757229,0
                -53.9430317,-28.3749913,0
                -53.9431402,-28.3732637,0
                -53.943077,-28.371555,0
              </coordinates>
            </LinearRing>
          </outerBoundaryIs>
        </Polygon>
      </Placemark>
      <Placemark>
        <name>ZC2 + ZR3 + ZI1</name>
        <description><![CDATA[Zona Comercial 2 + Zona Residencial 3 + Zona Industrial 1<br><br>EMPREENDEDORES<br>Antes de abrir seu empreendimento verifique as atividades permitidas no zoneamento (alvarás e licenças).<br>CONSTRUÇÕES<br>Verifique os parâmetros urbanísticos para edificações.<br><br>Acesse neste link o regime urbanístico (Anexo 1) e a lista de atividades permitidas no zoneamento (Anexo 3)<br>https://drive.google.com/file/d/1oRPJhnkInDqgu7KWmKXnNr1rbkjEIcyL/view?usp=sharing<br><br><br>*Este mapa é ilustrativo, em caso de dúvidas contatar a Secretaria Municipal de Planejamento (55) 3331-8200.]]></description>
        <styleUrl>#poly-000000-1-77</styleUrl>
        <Polygon>
          <outerBoundaryIs>
            <LinearRing>
              <tessellate>1</tessellate>
              <coordinates>
                -53.9318161,-28.375721,0
                -53.9279346,-28.3756653,0
                -53.9255176,-28.3756094,0
                -53.926901,-28.3739748,0
                -53.9271222,-28.3737505,0
                -53.927424,-28.3734839,0
                -53.9303433,-28.3720391,0
                -53.9304377,-28.3719374,0
                -53.9318571,-28.371241,0
                -53.9328699,-28.3712722,0
                -53.9327469,-28.3757541,0
                -53.9318161,-28.375721,0
              </coordinates>
            </LinearRing>
          </outerBoundaryIs>
          <innerBoundaryIs>
            <LinearRing>
              <tessellate>1</tessellate>
              <coordinates>
                -53.9266315,-28.3746091,0
                -53.9275453,-28.3736396,0
                -53.931973,-28.3714341,0
                -53.9326133,-28.3714376,0
                -53.9324853,-28.3754414,0
                -53.9324863,-28.3754526,0
                -53.9262783,-28.3753406,0
                -53.9266315,-28.3746091,0
              </coordinates>
            </LinearRing>
          </innerBoundaryIs>
        </Polygon>
      </Placemark>
      <Placemark>
        <name>ZC1 + ZR3</name>
        <description><![CDATA[Zona Comercial 1 (ZC1) + Zona Residencial 3 (ZR3)<br><br>EMPREENDEDORES<br>Antes de abrir seu empreendimento verifique as atividades permitidas no zoneamento (alvarás e licenças).<br>CONSTRUÇÕES<br>Verifique os parâmetros urbanísticos para edificações.<br><br>Acesse neste link o regime urbanístico (Anexo 1) e a lista de atividades permitidas no zoneamento (Anexo 3)<br>https://drive.google.com/file/d/1oRPJhnkInDqgu7KWmKXnNr1rbkjEIcyL/view?usp=sharing<br><br><br>*Este mapa é ilustrativo, em caso de dúvidas contatar a Secretaria Municipal de Planejamento (55) 3331-8200.]]></description>
        <styleUrl>#poly-3949AB-1-77</styleUrl>
        <Polygon>
          <outerBoundaryIs>
            <LinearRing>
              <tessellate>1</tessellate>
              <coordinates>
                -53.8983724,-28.3762525,0
                -53.8976828,-28.3766784,0
                -53.8972691,-28.3762774,0
                -53.89661,-28.3761687,0
                -53.8943839,-28.3761893,0
                -53.8941906,-28.3761946,0
                -53.8939707,-28.3762064,0
                -53.8939814,-28.375338,0
                -53.8920824,-28.3753285,0
                -53.8919751,-28.3796424,0
                -53.891369,-28.379665,0
                -53.89139,-28.377381,0
                -53.889524,-28.377383,0
                -53.8895175,-28.3770514,0
                -53.8915596,-28.3770172,0
                -53.8915462,-28.3746313,0
                -53.8963625,-28.3745971,0
                -53.896393,-28.3756154,0
                -53.898064,-28.37558,0
                -53.8980586,-28.375882,0
                -53.897929,-28.375908,0
                -53.8983724,-28.3762525,0
              </coordinates>
            </LinearRing>
          </outerBoundaryIs>
        </Polygon>
      </Placemark>
      <Placemark>
        <name>ZC1 + ZR3</name>
        <description><![CDATA[Zona Comercial 1 (ZC1) + Zona Residencial 3 (ZR3)<br><br>EMPREENDEDORES<br>Antes de abrir seu empreendimento verifique as atividades permitidas no zoneamento (alvarás e licenças).<br>CONSTRUÇÕES<br>Verifique os parâmetros urbanísticos para edificações.<br><br>Acesse neste link o regime urbanístico (Anexo 1) e a lista de atividades permitidas no zoneamento (Anexo 3)<br>https://drive.google.com/file/d/1oRPJhnkInDqgu7KWmKXnNr1rbkjEIcyL/view?usp=sharing<br><br><br>*Este mapa é ilustrativo, em caso de dúvidas contatar a Secretaria Municipal de Planejamento (55) 3331-8200.]]></description>
        <styleUrl>#poly-3949AB-1-77</styleUrl>
        <Polygon>
          <outerBoundaryIs>
            <LinearRing>
              <tessellate>1</tessellate>
              <coordinates>
                -53.9319306,-28.391752,0
                -53.9319356,-28.393481,0
                -53.9274906,-28.393438,0
                -53.9274936,-28.391673,0
                -53.9319306,-28.391752,0
              </coordinates>
            </LinearRing>
          </outerBoundaryIs>
        </Polygon>
      </Placemark>
      <Placemark>
        <name>ZC1 + ZR3</name>
        <description><![CDATA[Zona Comercial 1 (ZC1) + Zona Residencial 3 (ZR3)<br><br>EMPREENDEDORES<br>Antes de abrir seu empreendimento verifique as atividades permitidas no zoneamento (alvarás e licenças).<br>CONSTRUÇÕES<br>Verifique os parâmetros urbanísticos para edificações.<br><br>Acesse neste link o regime urbanístico (Anexo 1) e a lista de atividades permitidas no zoneamento (Anexo 3)<br>https://drive.google.com/file/d/1oRPJhnkInDqgu7KWmKXnNr1rbkjEIcyL/view?usp=sharing<br><br><br>*Este mapa é ilustrativo, em caso de dúvidas contatar a Secretaria Municipal de Planejamento (55) 3331-8200.]]></description>
        <styleUrl>#poly-3949AB-1-77</styleUrl>
        <Polygon>
          <outerBoundaryIs>
            <LinearRing>
              <tessellate>1</tessellate>
              <coordinates>
                -53.931948,-28.389577,0
                -53.931954,-28.391177,0
                -53.927523,-28.391168,0
                -53.927525,-28.389502,0
                -53.931948,-28.389577,0
              </coordinates>
            </LinearRing>
          </outerBoundaryIs>
        </Polygon>
      </Placemark>
      <Placemark>
        <name>ZC1 + ZR3</name>
        <description><![CDATA[Zona Comercial 1 (ZC1) + Zona Residencial 3 (ZR3)<br><br>EMPREENDEDORES<br>Antes de abrir seu empreendimento verifique as atividades permitidas no zoneamento (alvarás e licenças).<br>CONSTRUÇÕES<br>Verifique os parâmetros urbanísticos para edificações.<br><br>Acesse neste link o regime urbanístico (Anexo 1) e a lista de atividades permitidas no zoneamento (Anexo 3)<br>https://drive.google.com/file/d/1oRPJhnkInDqgu7KWmKXnNr1rbkjEIcyL/view?usp=sharing<br><br><br>*Este mapa é ilustrativo, em caso de dúvidas contatar a Secretaria Municipal de Planejamento (55) 3331-8200.]]></description>
        <styleUrl>#poly-3949AB-1-77</styleUrl>
        <Polygon>
          <outerBoundaryIs>
            <LinearRing>
              <tessellate>1</tessellate>
              <coordinates>
                -53.926873,-28.389469,0
                -53.926871,-28.391072,0
                -53.922303,-28.39102,0
                -53.922309,-28.38941,0
                -53.926873,-28.389469,0
              </coordinates>
            </LinearRing>
          </outerBoundaryIs>
        </Polygon>
      </Placemark>
      <Placemark>
        <name>ZC1 + ZR3</name>
        <description><![CDATA[Zona Comercial 1 (ZC1) + Zona Residencial 3 (ZR3)<br><br>EMPREENDEDORES<br>Antes de abrir seu empreendimento verifique as atividades permitidas no zoneamento (alvarás e licenças).<br>CONSTRUÇÕES<br>Verifique os parâmetros urbanísticos para edificações.<br><br>Acesse neste link o regime urbanístico (Anexo 1) e a lista de atividades permitidas no zoneamento (Anexo 3)<br>https://drive.google.com/file/d/1oRPJhnkInDqgu7KWmKXnNr1rbkjEIcyL/view?usp=sharing<br><br><br>*Este mapa é ilustrativo, em caso de dúvidas contatar a Secretaria Municipal de Planejamento (55) 3331-8200.]]></description>
        <styleUrl>#poly-3949AB-1-77</styleUrl>
        <Polygon>
          <outerBoundaryIs>
            <LinearRing>
              <tessellate>1</tessellate>
              <coordinates>
                -53.926847,-28.391648,0
                -53.926843,-28.39341,0
                -53.922266,-28.393355,0
                -53.922275,-28.391597,0
                -53.926847,-28.391648,0
              </coordinates>
            </LinearRing>
          </outerBoundaryIs>
        </Polygon>
      </Placemark>
      <Placemark>
        <name>ZI2</name>
        <description><![CDATA[Zona Industrial 2<br><br>EMPREENDEDORES<br>Antes de abrir seu empreendimento verifique as atividades permitidas no zoneamento (alvarás e licenças).<br>CONSTRUÇÕES<br>Verifique os parâmetros urbanísticos para edificações.<br><br>Acesse neste link o regime urbanístico (Anexo 1) e a lista de atividades permitidas no zoneamento (Anexo 3)<br>https://drive.google.com/file/d/1oRPJhnkInDqgu7KWmKXnNr1rbkjEIcyL/view?usp=sharing<br><br><br>*Este mapa é ilustrativo, em caso de dúvidas contatar a Secretaria Municipal de Planejamento (55) 3331-8200.]]></description>
        <styleUrl>#poly-673AB7-1200-77</styleUrl>
        <Polygon>
          <outerBoundaryIs>
            <LinearRing>
              <tessellate>1</tessellate>
              <coordinates>
                -53.8814465,-28.3769273,0
                -53.878195,-28.37691,0
                -53.878252,-28.376153,0
                -53.878779,-28.376157,0
                -53.879224,-28.375041,0
                -53.880112,-28.375,0
                -53.8801698,-28.3747467,0
                -53.880246,-28.37165,0
                -53.880395,-28.371742,0
                -53.8810066,-28.3725283,0
                -53.8812963,-28.3729814,0
                -53.881535,-28.373464,0
                -53.8814894,-28.3767762,0
                -53.8814465,-28.3769273,0
              </coordinates>
            </LinearRing>
          </outerBoundaryIs>
        </Polygon>
      </Placemark>
      <Placemark>
        <name>ZC1 + ZR3</name>
        <description><![CDATA[Zona Comercial 1 (ZC1) + Zona Residencial 3 (ZR3)<br><br>EMPREENDEDORES<br>Antes de abrir seu empreendimento verifique as atividades permitidas no zoneamento (alvarás e licenças).<br>CONSTRUÇÕES<br>Verifique os parâmetros urbanísticos para edificações.<br><br>Acesse neste link o regime urbanístico (Anexo 1) e a lista de atividades permitidas no zoneamento (Anexo 3)<br>https://drive.google.com/file/d/1oRPJhnkInDqgu7KWmKXnNr1rbkjEIcyL/view?usp=sharing<br><br><br>*Este mapa é ilustrativo, em caso de dúvidas contatar a Secretaria Municipal de Planejamento (55) 3331-8200.]]></description>
        <styleUrl>#poly-3949AB-1-77</styleUrl>
        <Polygon>
          <outerBoundaryIs>
            <LinearRing>
              <tessellate>1</tessellate>
              <coordinates>
                -53.88729,-28.384049,0
                -53.8855392,-28.3829632,0
                -53.883865,-28.382241,0
                -53.881444,-28.381223,0
                -53.881482,-28.379806,0
                -53.891713,-28.379968,0
                -53.890903,-28.380503,0
                -53.889972,-28.381223,0
                -53.889343,-28.381858,0
                -53.88729,-28.384049,0
              </coordinates>
            </LinearRing>
          </outerBoundaryIs>
        </Polygon>
      </Placemark>
      <Placemark>
        <name>ZI2</name>
        <description><![CDATA[Zona Industrial 2<br><br>EMPREENDEDORES<br>Antes de abrir seu empreendimento verifique as atividades permitidas no zoneamento (alvarás e licenças).<br>CONSTRUÇÕES<br>Verifique os parâmetros urbanísticos para edificações.<br><br>Acesse neste link o regime urbanístico (Anexo 1) e a lista de atividades permitidas no zoneamento (Anexo 3)<br>https://drive.google.com/file/d/1oRPJhnkInDqgu7KWmKXnNr1rbkjEIcyL/view?usp=sharing<br><br><br>*Este mapa é ilustrativo, em caso de dúvidas contatar a Secretaria Municipal de Planejamento (55) 3331-8200.]]></description>
        <styleUrl>#poly-673AB7-1200-77</styleUrl>
        <Polygon>
          <outerBoundaryIs>
            <LinearRing>
              <tessellate>1</tessellate>
              <coordinates>
                -53.8814803,-28.37952,0
                -53.8816124,-28.3751237,0
                -53.8816232,-28.3741629,0
                -53.8816368,-28.3732917,0
                -53.881645,-28.3728616,0
                -53.8817206,-28.3707553,0
                -53.8828466,-28.3707624,0
                -53.8827818,-28.3751096,0
                -53.886773,-28.3751284,0
                -53.8890863,-28.375175,0
                -53.8893803,-28.375461,0
                -53.889584,-28.3796028,0
                -53.8814803,-28.37952,0
              </coordinates>
            </LinearRing>
          </outerBoundaryIs>
        </Polygon>
      </Placemark>
      <Placemark>
        <name>ZR2</name>
        <description><![CDATA[Zona Residencial 2<br><br>EMPREENDEDORES<br>Antes de abrir seu empreendimento verifique as atividades permitidas no zoneamento (alvarás e licenças).<br>CONSTRUÇÕES<br>Verifique os parâmetros urbanísticos para edificações.<br><br>Acesse neste link o regime urbanístico (Anexo 1) e a lista de atividades permitidas no zoneamento (Anexo 3)<br>https://drive.google.com/file/d/1oRPJhnkInDqgu7KWmKXnNr1rbkjEIcyL/view?usp=sharing<br><br><br>*Este mapa é ilustrativo, em caso de dúvidas contatar a Secretaria Municipal de Planejamento (55) 3331-8200.]]></description>
        <styleUrl>#poly-FFEA00-1200-77</styleUrl>
        <Polygon>
          <outerBoundaryIs>
            <LinearRing>
              <tessellate>1</tessellate>
              <coordinates>
                -53.913025,-28.416862,0
                -53.912806,-28.417054,0
                -53.9124092,-28.4178169,0
                -53.912082,-28.4184491,0
                -53.911923,-28.418695,0
                -53.91152,-28.418971,0
                -53.910911,-28.41843,0
                -53.9097914,-28.4173734,0
                -53.9088151,-28.4166562,0
                -53.9074418,-28.4156937,0
                -53.9061972,-28.4149058,0
                -53.9052155,-28.4143019,0
                -53.901158,-28.414336,0
                -53.901246,-28.411706,0
                -53.9001408,-28.4109991,0
                -53.898963,-28.410121,0
                -53.898341,-28.409446,0
                -53.8977429,-28.4086918,0
                -53.8974479,-28.4082766,0
                -53.8971045,-28.4075264,0
                -53.8966486,-28.4064175,0
                -53.8963482,-28.4053228,0
                -53.8960478,-28.4040724,0
                -53.895801,-28.4029447,0
                -53.8955971,-28.4019679,0
                -53.8953236,-28.4006089,0
                -53.8950071,-28.3994245,0
                -53.894481,-28.397897,0
                -53.88853,-28.397831,0
                -53.888667,-28.394786,0
                -53.888661,-28.3950311,0
                -53.889053,-28.395161,0
                -53.889556,-28.395211,0
                -53.889693,-28.395142,0
                -53.889825,-28.39517,0
                -53.8900986,-28.3952907,0
                -53.8903078,-28.3955644,0
                -53.8904956,-28.3956163,0
                -53.8906941,-28.3957862,0
                -53.8909247,-28.3959278,0
                -53.891081,-28.395912,0
                -53.8911018,-28.3961873,0
                -53.8912842,-28.3964563,0
                -53.891343,-28.395325,0
                -53.891134,-28.395356,0
                -53.890715,-28.395123,0
                -53.890525,-28.394906,0
                -53.890104,-28.3946772,0
                -53.889602,-28.394567,0
                -53.889428,-28.394654,0
                -53.889194,-28.394631,0
                -53.888983,-28.394562,0
                -53.888779,-28.394529,0
                -53.8886234,-28.3943469,0
                -53.888149,-28.394302,0
                -53.887961,-28.394458,0
                -53.887766,-28.394345,0
                -53.887596,-28.394368,0
                -53.887311,-28.394216,0
                -53.887175,-28.394194,0
                -53.8869282,-28.3941062,0
                -53.8866922,-28.3938325,0
                -53.886517,-28.393909,0
                -53.8864401,-28.3939174,0
                -53.886264,-28.393772,0
                -53.885771,-28.393848,0
                -53.885683,-28.393785,0
                -53.88545,-28.393832,0
                -53.885259,-28.393764,0
                -53.885158,-28.393908,0
                -53.8850722,-28.3938891,0
                -53.885103,-28.393778,0
                -53.884719,-28.393698,0
                -53.8844284,-28.393639,0
                -53.884112,-28.393515,0
                -53.8838705,-28.3936673,0
                -53.882643,-28.393388,0
                -53.882605,-28.393483,0
                -53.882385,-28.393412,0
                -53.882191,-28.393399,0
                -53.881923,-28.392952,0
                -53.881839,-28.393032,0
                -53.881508,-28.393104,0
                -53.881265,-28.393032,0
                -53.8810757,-28.3931341,0
                -53.880987,-28.393137,0
                -53.8808772,-28.393035,0
                -53.880428,-28.392928,0
                -53.879893,-28.392911,0
                -53.879899,-28.392851,0
                -53.8796648,-28.3925348,0
                -53.879343,-28.3924121,0
                -53.8788333,-28.3921242,0
                -53.878796,-28.391643,0
                -53.878633,-28.391462,0
                -53.878687,-28.391412,0
                -53.878521,-28.391135,0
                -53.878486,-28.390939,0
                -53.878783,-28.390902,0
                -53.878235,-28.39046,0
                -53.8784042,-28.3904772,0
                -53.8784686,-28.3904394,0
                -53.8786831,-28.3905527,0
                -53.87898,-28.3902,0
                -53.8793161,-28.3901752,0
                -53.879274,-28.389835,0
                -53.8793751,-28.3897976,0
                -53.879435,-28.389514,0
                -53.8795575,-28.3895428,0
                -53.8798687,-28.3893446,0
                -53.879878,-28.389085,0
                -53.880082,-28.388687,0
                -53.881151,-28.388711,0
                -53.8812205,-28.3865932,0
                -53.88125,-28.38462,0
                -53.8792196,-28.3837379,0
                -53.877201,-28.383007,0
                -53.877185,-28.382791,0
                -53.8771114,-28.3826147,0
                -53.87707,-28.382376,0
                -53.876967,-28.382145,0
                -53.876795,-28.382059,0
                -53.8766715,-28.3819256,0
                -53.876608,-28.381809,0
                -53.8765374,-28.3816849,0
                -53.8763282,-28.3815056,0
                -53.876152,-28.381269,0
                -53.876163,-28.381157,0
                -53.8761511,-28.3809817,0
                -53.87601,-28.380876,0
                -53.8759044,-28.3807268,0
                -53.875795,-28.38062,0
                -53.8757703,-28.3804908,0
                -53.875702,-28.380415,0
                -53.875686,-28.380256,0
                -53.8759151,-28.3799245,0
                -53.876076,-28.3799905,0
                -53.8763657,-28.3801321,0
                -53.8792303,-28.381161,0
                -53.881655,-28.3821427,0
                -53.8839188,-28.3830866,0
                -53.885628,-28.383904,0
                -53.8877168,-28.3852387,0
                -53.8894442,-28.3865224,0
                -53.8904634,-28.3876551,0
                -53.892489,-28.389682,0
                -53.894677,-28.392747,0
                -53.894795,-28.393119,0
                -53.8949183,-28.3934931,0
                -53.895622,-28.394276,0
                -53.896141,-28.395197,0
                -53.8964682,-28.395953,0
                -53.8960608,-28.3961163,0
                -53.895672,-28.3962019,0
                -53.8950584,-28.396238,0
                -53.8950537,-28.3963356,0
                -53.8956747,-28.3963276,0
                -53.8960879,-28.396237,0
                -53.8965338,-28.3960963,0
                -53.8968758,-28.3968176,0
                -53.8975362,-28.3989671,0
                -53.898219,-28.401581,0
                -53.8988665,-28.4046296,0
                -53.899347,-28.406134,0
                -53.900022,-28.407428,0
                -53.901082,-28.408646,0
                -53.9031366,-28.4100653,0
                -53.90484,-28.411096,0
                -53.906456,-28.412174,0
                -53.9084796,-28.4134058,0
                -53.9110116,-28.4152742,0
                -53.913025,-28.416862,0
              </coordinates>
            </LinearRing>
          </outerBoundaryIs>
        </Polygon>
      </Placemark>
      <Placemark>
        <name>ZR1</name>
        <description><![CDATA[Zona Residencial 1<br><br>EMPREENDEDORES <br>Antes de abrir seu empreendimento verifique as atividades permitidas no zoneamento (alvarás e licenças).<br>CONSTRUÇÕES<br>Verifique os parâmetros urbanísticos para edificações.<br><br>Acesse neste link o regime urbanístico (Anexo 1) e a lista de atividades permitidas no zoneamento (Anexo 3)<br>https://drive.google.com/file/d/1oRPJhnkInDqgu7KWmKXnNr1rbkjEIcyL/view?usp=sharing<br><br><br>*Este mapa é ilustrativo, em caso de dúvidas contatar a Secretaria Municipal de Planejamento (55) 3331-8200.]]></description>
        <styleUrl>#poly-F9A825-1200-77</styleUrl>
        <Polygon>
          <outerBoundaryIs>
            <LinearRing>
              <tessellate>1</tessellate>
              <coordinates>
                -53.941917,-28.407169,0
                -53.9322279,-28.4120621,0
                -53.9321207,-28.4120618,0
                -53.932411,-28.401982,0
                -53.941971,-28.402151,0
                -53.941917,-28.407169,0
              </coordinates>
            </LinearRing>
          </outerBoundaryIs>
        </Polygon>
      </Placemark>
      <Placemark>
        <name>ZC2 + ZR3 + ZI1</name>
        <description><![CDATA[Zona Comercial 2 + Zona Residencial 3 + Zona Industrial 1<br><br>EMPREENDEDORES<br>Antes de abrir seu empreendimento verifique as atividades permitidas no zoneamento (alvarás e licenças).<br>CONSTRUÇÕES<br>Verifique os parâmetros urbanísticos para edificações.<br><br>Acesse neste link o regime urbanístico (Anexo 1) e a lista de atividades permitidas no zoneamento (Anexo 3)<br>https://drive.google.com/file/d/1oRPJhnkInDqgu7KWmKXnNr1rbkjEIcyL/view?usp=sharing<br><br><br>*Este mapa é ilustrativo, em caso de dúvidas contatar a Secretaria Municipal de Planejamento (55) 3331-8200.]]></description>
        <styleUrl>#poly-000000-1-77</styleUrl>
        <Polygon>
          <outerBoundaryIs>
            <LinearRing>
              <tessellate>1</tessellate>
              <coordinates>
                -53.93179,-28.411952,0
                -53.922093,-28.411825,0
                -53.9233071,-28.4104486,0
                -53.9235427,-28.4101299,0
                -53.9268042,-28.4102148,0
                -53.9268203,-28.4096863,0
                -53.9238592,-28.4096392,0
                -53.9245892,-28.40808,0
                -53.9260108,-28.4050036,0
                -53.9319728,-28.4049674,0
                -53.93179,-28.411952,0
              </coordinates>
            </LinearRing>
          </outerBoundaryIs>
        </Polygon>
      </Placemark>
      <Placemark>
        <name>ZI2</name>
        <description><![CDATA[Zona Industrial 2<br><br>EMPREENDEDORES<br>Antes de abrir seu empreendimento verifique as atividades permitidas no zoneamento (alvarás e licenças).<br>CONSTRUÇÕES<br>Verifique os parâmetros urbanísticos para edificações.<br><br>Acesse neste link o regime urbanístico (Anexo 1) e a lista de atividades permitidas no zoneamento (Anexo 3)<br>https://drive.google.com/file/d/1oRPJhnkInDqgu7KWmKXnNr1rbkjEIcyL/view?usp=sharing<br><br><br>*Este mapa é ilustrativo, em caso de dúvidas contatar a Secretaria Municipal de Planejamento (55) 3331-8200.]]></description>
        <styleUrl>#poly-673AB7-1200-77</styleUrl>
        <Polygon>
          <outerBoundaryIs>
            <LinearRing>
              <tessellate>1</tessellate>
              <coordinates>
                -53.9319728,-28.4049674,0
                -53.9260108,-28.4050036,0
                -53.928174,-28.400307,0
                -53.93209,-28.400365,0
                -53.9319728,-28.4049674,0
              </coordinates>
            </LinearRing>
          </outerBoundaryIs>
        </Polygon>
      </Placemark>
      <Placemark>
        <name>ZI2</name>
        <description><![CDATA[Zona Industrial 2<br><br>EMPREENDEDORES<br>Antes de abrir seu empreendimento verifique as atividades permitidas no zoneamento (alvarás e licenças).<br>CONSTRUÇÕES<br>Verifique os parâmetros urbanísticos para edificações.<br><br>Acesse neste link o regime urbanístico (Anexo 1) e a lista de atividades permitidas no zoneamento (Anexo 3)<br>https://drive.google.com/file/d/1oRPJhnkInDqgu7KWmKXnNr1rbkjEIcyL/view?usp=sharing<br><br><br>*Este mapa é ilustrativo, em caso de dúvidas contatar a Secretaria Municipal de Planejamento (55) 3331-8200.]]></description>
        <styleUrl>#poly-673AB7-1200-77</styleUrl>
        <Polygon>
          <outerBoundaryIs>
            <LinearRing>
              <tessellate>1</tessellate>
              <coordinates>
                -53.928839,-28.398374,0
                -53.928901,-28.398432,0
                -53.9285931,-28.3991174,0
                -53.9282498,-28.3998347,0
                -53.9278421,-28.4007784,0
                -53.9262167,-28.4042986,0
                -53.9260436,-28.4046768,0
                -53.925763,-28.404668,0
                -53.9260504,-28.4044306,0
                -53.9262249,-28.4040909,0
                -53.926264,-28.403793,0
                -53.926172,-28.403453,0
                -53.9260558,-28.4032463,0
                -53.9255461,-28.402614,0
                -53.9247415,-28.4015806,0
                -53.9221407,-28.4015557,0
                -53.922183,-28.398316,0
                -53.9257607,-28.3984049,0
                -53.9262221,-28.3985417,0
                -53.9268551,-28.3987163,0
                -53.927198,-28.398817,0
                -53.9277134,-28.3988107,0
                -53.928274,-28.398616,0
                -53.928839,-28.398374,0
              </coordinates>
            </LinearRing>
          </outerBoundaryIs>
        </Polygon>
      </Placemark>
      <Placemark>
        <name>27 GAC</name>
        <description>Quartel</description>
        <styleUrl>#poly-097138-1200-77</styleUrl>
        <Polygon>
          <outerBoundaryIs>
            <LinearRing>
              <tessellate>1</tessellate>
              <coordinates>
                -53.91672,-28.4049459,0
                -53.9166033,-28.41172,0
                -53.9116305,-28.4118544,0
                -53.9117297,-28.4088772,0
                -53.9117566,-28.4049042,0
                -53.91672,-28.4049459,0
              </coordinates>
            </LinearRing>
          </outerBoundaryIs>
        </Polygon>
      </Placemark>
      <Placemark>
        <name>ZR2</name>
        <description><![CDATA[Zona Residencial 2<br><br>EMPREENDEDORES<br>Antes de abrir seu empreendimento verifique as atividades permitidas no zoneamento (alvarás e licenças).<br>CONSTRUÇÕES<br>Verifique os parâmetros urbanísticos para edificações.<br><br>Acesse neste link o regime urbanístico (Anexo 1) e a lista de atividades permitidas no zoneamento (Anexo 3)<br>https://drive.google.com/file/d/1oRPJhnkInDqgu7KWmKXnNr1rbkjEIcyL/view?usp=sharing<br><br><br>*Este mapa é ilustrativo, em caso de dúvidas contatar a Secretaria Municipal de Planejamento (55) 3331-8200.]]></description>
        <styleUrl>#poly-FFEA00-1200-77</styleUrl>
        <Polygon>
          <outerBoundaryIs>
            <LinearRing>
              <tessellate>1</tessellate>
              <coordinates>
                -53.922099,-28.411296,0
                -53.9221407,-28.4015557,0
                -53.9243776,-28.401584,0
                -53.92573,-28.403324,0
                -53.9258689,-28.4035847,0
                -53.9259333,-28.4038725,0
                -53.9259172,-28.4040896,0
                -53.9257938,-28.4043585,0
                -53.925648,-28.404574,0
                -53.9244152,-28.4053919,0
                -53.923878,-28.405768,0
                -53.923666,-28.405983,0
                -53.9234979,-28.4062601,0
                -53.9234228,-28.4065574,0
                -53.923484,-28.407993,0
                -53.9231867,-28.4090912,0
                -53.92309,-28.409461,0
                -53.9228327,-28.4101481,0
                -53.922613,-28.4107,0
                -53.922099,-28.411296,0
              </coordinates>
            </LinearRing>
          </outerBoundaryIs>
        </Polygon>
      </Placemark>
      <Placemark>
        <name>ZR2</name>
        <description><![CDATA[Zona Residencial 2<br><br>EMPREENDEDORES<br>Antes de abrir seu empreendimento verifique as atividades permitidas no zoneamento (alvarás e licenças).<br>CONSTRUÇÕES<br>Verifique os parâmetros urbanísticos para edificações.<br><br>Acesse neste link o regime urbanístico (Anexo 1) e a lista de atividades permitidas no zoneamento (Anexo 3)<br>https://drive.google.com/file/d/1oRPJhnkInDqgu7KWmKXnNr1rbkjEIcyL/view?usp=sharing<br><br><br>*Este mapa é ilustrativo, em caso de dúvidas contatar a Secretaria Municipal de Planejamento (55) 3331-8200.]]></description>
        <styleUrl>#poly-FFEA00-1200-77</styleUrl>
        <Polygon>
          <outerBoundaryIs>
            <LinearRing>
              <tessellate>1</tessellate>
              <coordinates>
                -53.9547085,-28.4006146,0
                -53.9425012,-28.4068788,0
                -53.94278,-28.394095,0
                -53.9526554,-28.3941678,0
                -53.9526554,-28.395088,0
                -53.9527735,-28.396079,0
                -53.9528915,-28.3968199,0
                -53.9530631,-28.3973296,0
                -53.9534118,-28.3982214,0
                -53.9538624,-28.399118,0
                -53.9542219,-28.3996984,0
                -53.9544579,-28.4001727,0
                -53.9547085,-28.4006146,0
              </coordinates>
            </LinearRing>
          </outerBoundaryIs>
        </Polygon>
      </Placemark>
      <Placemark>
        <name>ZC2 + ZR3 + ZI1</name>
        <description><![CDATA[Zona Comercial 2 + Zona Residencial 3 + Zona Industrial 1<br><br>EMPREENDEDORES<br>Antes de abrir seu empreendimento verifique as atividades permitidas no zoneamento (alvarás e licenças).<br>CONSTRUÇÕES<br>Verifique os parâmetros urbanísticos para edificações.<br><br>Acesse neste link o regime urbanístico (Anexo 1) e a lista de atividades permitidas no zoneamento (Anexo 3)<br>https://drive.google.com/file/d/1oRPJhnkInDqgu7KWmKXnNr1rbkjEIcyL/view?usp=sharing<br><br><br>*Este mapa é ilustrativo, em caso de dúvidas contatar a Secretaria Municipal de Planejamento (55) 3331-8200.]]></description>
        <styleUrl>#poly-000000-1-77</styleUrl>
        <Polygon>
          <outerBoundaryIs>
            <LinearRing>
              <tessellate>1</tessellate>
              <coordinates>
                -53.9324533,-28.412067,0
                -53.9294975,-28.4135155,0
                -53.9256137,-28.4154688,0
                -53.9229744,-28.4167427,0
                -53.9219763,-28.417011,0
                -53.922016,-28.411915,0
                -53.9324533,-28.412067,0
              </coordinates>
            </LinearRing>
          </outerBoundaryIs>
        </Polygon>
      </Placemark>
      <Placemark>
        <name>ZI2</name>
        <description><![CDATA[Zona Industrial 2<br><br>EMPREENDEDORES<br>Antes de abrir seu empreendimento verifique as atividades permitidas no zoneamento (alvarás e licenças).<br>CONSTRUÇÕES<br>Verifique os parâmetros urbanísticos para edificações.<br><br>Acesse neste link o regime urbanístico (Anexo 1) e a lista de atividades permitidas no zoneamento (Anexo 3)<br>https://drive.google.com/file/d/1oRPJhnkInDqgu7KWmKXnNr1rbkjEIcyL/view?usp=sharing<br><br><br>*Este mapa é ilustrativo, em caso de dúvidas contatar a Secretaria Municipal de Planejamento (55) 3331-8200.]]></description>
        <styleUrl>#poly-673AB7-1200-77</styleUrl>
        <Polygon>
          <outerBoundaryIs>
            <LinearRing>
              <tessellate>1</tessellate>
              <coordinates>
                -53.921305,-28.4171811,0
                -53.9211655,-28.4173226,0
                -53.92071,-28.4177123,0
                -53.920267,-28.4180053,0
                -53.9197279,-28.4182474,0
                -53.918742,-28.4184133,0
                -53.9177538,-28.4184172,0
                -53.916434,-28.4181223,0
                -53.9155758,-28.4177944,0
                -53.91397,-28.4167953,0
                -53.9145995,-28.4166244,0
                -53.9152969,-28.4162092,0
                -53.915591,-28.4155373,0
                -53.915597,-28.4152043,0
                -53.914679,-28.4134503,0
                -53.9146424,-28.4130952,0
                -53.9147497,-28.4128404,0
                -53.9150072,-28.4125196,0
                -53.9155329,-28.4122459,0
                -53.9162839,-28.4122742,0
                -53.917392,-28.4123323,0
                -53.9186871,-28.4124441,0
                -53.9201141,-28.4125479,0
                -53.9208866,-28.412529,0
                -53.9213908,-28.4123591,0
                -53.9213157,-28.4170867,0
                -53.921305,-28.4171811,0
              </coordinates>
            </LinearRing>
          </outerBoundaryIs>
        </Polygon>
      </Placemark>
      <Placemark>
        <name>ZI2</name>
        <description><![CDATA[Zona Industrial 2<br><br>EMPREENDEDORES<br>Antes de abrir seu empreendimento verifique as atividades permitidas no zoneamento (alvarás e licenças).<br>CONSTRUÇÕES<br>Verifique os parâmetros urbanísticos para edificações.<br><br>Acesse neste link o regime urbanístico (Anexo 1) e a lista de atividades permitidas no zoneamento (Anexo 3)<br>https://drive.google.com/file/d/1oRPJhnkInDqgu7KWmKXnNr1rbkjEIcyL/view?usp=sharing<br><br><br>*Este mapa é ilustrativo, em caso de dúvidas contatar a Secretaria Municipal de Planejamento (55) 3331-8200.]]></description>
        <styleUrl>#poly-673AB7-1200-77</styleUrl>
        <Polygon>
          <outerBoundaryIs>
            <LinearRing>
              <tessellate>1</tessellate>
              <coordinates>
                -53.91554,-28.418761,0
                -53.9153398,-28.4192126,0
                -53.915027,-28.419905,0
                -53.914469,-28.420524,0
                -53.913673,-28.42099,0
                -53.9130331,-28.4211752,0
                -53.912075,-28.421429,0
                -53.911548,-28.421576,0
                -53.911575,-28.419266,0
                -53.911858,-28.419117,0
                -53.912311,-28.41867,0
                -53.9126254,-28.4181369,0
                -53.913064,-28.417209,0
                -53.913753,-28.417819,0
                -53.914578,-28.4183161,0
                -53.9154363,-28.4187219,0
                -53.91554,-28.418761,0
              </coordinates>
            </LinearRing>
          </outerBoundaryIs>
        </Polygon>
      </Placemark>
      <Placemark>
        <name>ZR2</name>
        <description><![CDATA[Zona Residencial 2<br><br>EMPREENDEDORES<br>Antes de abrir seu empreendimento verifique as atividades permitidas no zoneamento (alvarás e licenças).<br>CONSTRUÇÕES<br>Verifique os parâmetros urbanísticos para edificações.<br><br>Acesse neste link o regime urbanístico (Anexo 1) e a lista de atividades permitidas no zoneamento (Anexo 3)<br>https://drive.google.com/file/d/1oRPJhnkInDqgu7KWmKXnNr1rbkjEIcyL/view?usp=sharing<br><br><br>*Este mapa é ilustrativo, em caso de dúvidas contatar a Secretaria Municipal de Planejamento (55) 3331-8200.]]></description>
        <styleUrl>#poly-FFEA00-1200-77</styleUrl>
        <Polygon>
          <outerBoundaryIs>
            <LinearRing>
              <tessellate>1</tessellate>
              <coordinates>
                -53.9213582,-28.4232197,0
                -53.9111719,-28.4230668,0
                -53.911252,-28.422323,0
                -53.9115421,-28.4222874,0
                -53.9127517,-28.4219605,0
                -53.9137415,-28.4216626,0
                -53.914213,-28.4215106,0
                -53.914513,-28.4213616,0
                -53.9151333,-28.4208867,0
                -53.915426,-28.4206466,0
                -53.915658,-28.420348,0
                -53.9160213,-28.419887,0
                -53.9168313,-28.4204201,0
                -53.9175395,-28.4209013,0
                -53.918505,-28.4215477,0
                -53.9188108,-28.4217364,0
                -53.919004,-28.4215854,0
                -53.9199696,-28.4221138,0
                -53.9208493,-28.4225006,0
                -53.9213918,-28.422761,0
                -53.9213582,-28.4232197,0
              </coordinates>
            </LinearRing>
          </outerBoundaryIs>
        </Polygon>
      </Placemark>
      <Placemark>
        <name>ZR1</name>
        <description><![CDATA[Zona Residencial 1<br><br>EMPREENDEDORES <br>Antes de abrir seu empreendimento verifique as atividades permitidas no zoneamento (alvarás e licenças).<br>CONSTRUÇÕES<br>Verifique os parâmetros urbanísticos para edificações.<br><br>Acesse neste link o regime urbanístico (Anexo 1) e a lista de atividades permitidas no zoneamento (Anexo 3)<br>https://drive.google.com/file/d/1oRPJhnkInDqgu7KWmKXnNr1rbkjEIcyL/view?usp=sharing<br><br><br>*Este mapa é ilustrativo, em caso de dúvidas contatar a Secretaria Municipal de Planejamento (55) 3331-8200.]]></description>
        <styleUrl>#poly-F9A825-1200-77</styleUrl>
        <Polygon>
          <outerBoundaryIs>
            <LinearRing>
              <tessellate>1</tessellate>
              <coordinates>
                -53.9037543,-28.3674554,0
                -53.9037884,-28.3662223,0
                -53.9023689,-28.3661974,0
                -53.9024922,-28.359881,0
                -53.912657,-28.3601322,0
                -53.9125794,-28.3602613,0
                -53.9125584,-28.3606013,0
                -53.9124524,-28.3606993,0
                -53.9124154,-28.3608173,0
                -53.9125524,-28.3609318,0
                -53.9124653,-28.3641557,0
                -53.9175194,-28.3642233,0
                -53.9175004,-28.3659373,0
                -53.9225353,-28.366014,0
                -53.9227136,-28.3654343,0
                -53.9227309,-28.3647554,0
                -53.9276917,-28.3648364,0
                -53.9277038,-28.3660752,0
                -53.9363083,-28.3662186,0
                -53.9349994,-28.3676158,0
                -53.9342483,-28.3684938,0
                -53.9335295,-28.3692585,0
                -53.9328965,-28.3699476,0
                -53.9316091,-28.3709011,0
                -53.9088237,-28.3705414,0
                -53.9088281,-28.3702983,0
                -53.9085908,-28.3702976,0
                -53.9085775,-28.3705383,0
                -53.9036924,-28.3704643,0
                -53.9037543,-28.3674554,0
              </coordinates>
            </LinearRing>
          </outerBoundaryIs>
        </Polygon>
      </Placemark>
      <Placemark>
        <name>Penitenciária Modulada</name>
        <styleUrl>#poly-F48FB1-1200-77-nodesc</styleUrl>
        <Polygon>
          <outerBoundaryIs>
            <LinearRing>
              <tessellate>1</tessellate>
              <coordinates>
                -53.92625,-28.366061,0
                -53.926258,-28.368686,0
                -53.922595,-28.368595,0
                -53.9227041,-28.3676867,0
                -53.9225299,-28.3660187,0
                -53.92625,-28.366061,0
              </coordinates>
            </LinearRing>
          </outerBoundaryIs>
        </Polygon>
      </Placemark>
      <Placemark>
        <name>ZC2 + ZR3 + ZI1</name>
        <description><![CDATA[Zona Comercial 2 + Zona Residencial 3 + Zona Industrial 1<br><br>EMPREENDEDORES<br>Antes de abrir seu empreendimento verifique as atividades permitidas no zoneamento (alvarás e licenças).<br>CONSTRUÇÕES<br>Verifique os parâmetros urbanísticos para edificações.<br><br>Acesse neste link o regime urbanístico (Anexo 1) e a lista de atividades permitidas no zoneamento (Anexo 3)<br>https://drive.google.com/file/d/1oRPJhnkInDqgu7KWmKXnNr1rbkjEIcyL/view?usp=sharing<br><br><br>*Este mapa é ilustrativo, em caso de dúvidas contatar a Secretaria Municipal de Planejamento (55) 3331-8200.]]></description>
        <styleUrl>#poly-000000-1-77</styleUrl>
        <Polygon>
          <outerBoundaryIs>
            <LinearRing>
              <tessellate>1</tessellate>
              <coordinates>
                -53.901878,-28.3738807,0
                -53.9019907,-28.37395,0
                -53.9019908,-28.3741951,0
                -53.9018997,-28.3767108,0
                -53.90183,-28.3797457,0
                -53.893989,-28.3797167,0
                -53.8939911,-28.3796255,0
                -53.8945168,-28.3793281,0
                -53.8961315,-28.3783559,0
                -53.8976834,-28.3774759,0
                -53.8983842,-28.3770185,0
                -53.8992173,-28.3763673,0
                -53.8997901,-28.3757694,0
                -53.9001817,-28.3753612,0
                -53.9005411,-28.3749246,0
                -53.900911,-28.3743962,0
                -53.9011897,-28.3738538,0
                -53.9013511,-28.3737115,0
                -53.9015603,-28.3736879,0
                -53.901774,-28.3737547,0
                -53.901878,-28.3738807,0
              </coordinates>
            </LinearRing>
          </outerBoundaryIs>
        </Polygon>
      </Placemark>
      <Placemark>
        <name>ZR2</name>
        <description><![CDATA[Zona Residencial 2<br><br>EMPREENDEDORES<br>Antes de abrir seu empreendimento verifique as atividades permitidas no zoneamento (alvarás e licenças).<br>CONSTRUÇÕES<br>Verifique os parâmetros urbanísticos para edificações.<br><br>Acesse neste link o regime urbanístico (Anexo 1) e a lista de atividades permitidas no zoneamento (Anexo 3)<br>https://drive.google.com/file/d/1oRPJhnkInDqgu7KWmKXnNr1rbkjEIcyL/view?usp=sharing<br><br><br>*Este mapa é ilustrativo, em caso de dúvidas contatar a Secretaria Municipal de Planejamento (55) 3331-8200.]]></description>
        <styleUrl>#poly-FFEA00-1200-77</styleUrl>
        <Polygon>
          <outerBoundaryIs>
            <LinearRing>
              <tessellate>1</tessellate>
              <coordinates>
                -53.942149,-28.390773,0
                -53.94208,-28.392653,0
                -53.933095,-28.392429,0
                -53.933126,-28.390554,0
                -53.942149,-28.390773,0
              </coordinates>
            </LinearRing>
          </outerBoundaryIs>
        </Polygon>
      </Placemark>
      <Placemark>
        <name>ZR2</name>
        <description><![CDATA[Zona Residencial 2<br><br>EMPREENDEDORES<br>Antes de abrir seu empreendimento verifique as atividades permitidas no zoneamento (alvarás e licenças).<br>CONSTRUÇÕES<br>Verifique os parâmetros urbanísticos para edificações.<br><br>Acesse neste link o regime urbanístico (Anexo 1) e a lista de atividades permitidas no zoneamento (Anexo 3)<br>https://drive.google.com/file/d/1oRPJhnkInDqgu7KWmKXnNr1rbkjEIcyL/view?usp=sharing<br><br><br>*Este mapa é ilustrativo, em caso de dúvidas contatar a Secretaria Municipal de Planejamento (55) 3331-8200.]]></description>
        <styleUrl>#poly-FFEA00-1200-77</styleUrl>
        <Polygon>
          <outerBoundaryIs>
            <LinearRing>
              <tessellate>1</tessellate>
              <coordinates>
                -53.920447,-28.394917,0
                -53.920422,-28.396746,0
                -53.919462,-28.396739,0
                -53.919561,-28.394862,0
                -53.920447,-28.394917,0
              </coordinates>
            </LinearRing>
          </outerBoundaryIs>
        </Polygon>
      </Placemark>
      <Placemark>
        <name>ZR2</name>
        <description><![CDATA[Zona Residencial 2<br><br>EMPREENDEDORES<br>Antes de abrir seu empreendimento verifique as atividades permitidas no zoneamento (alvarás e licenças).<br>CONSTRUÇÕES<br>Verifique os parâmetros urbanísticos para edificações.<br><br>Acesse neste link o regime urbanístico (Anexo 1) e a lista de atividades permitidas no zoneamento (Anexo 3)<br>https://drive.google.com/file/d/1oRPJhnkInDqgu7KWmKXnNr1rbkjEIcyL/view?usp=sharing<br><br><br>*Este mapa é ilustrativo, em caso de dúvidas contatar a Secretaria Municipal de Planejamento (55) 3331-8200.]]></description>
        <styleUrl>#poly-FFEA00-1200-77</styleUrl>
        <MultiGeometry>
          <Polygon>
            <outerBoundaryIs>
              <LinearRing>
                <tessellate>1</tessellate>
                <coordinates>
                  -53.9323117,-28.398414,0
                  -53.9323137,-28.3982451,0
                  -53.9323159,-28.3982452,0
                  -53.9323117,-28.398414,0
                </coordinates>
              </LinearRing>
            </outerBoundaryIs>
          </Polygon>
          <Polygon>
            <outerBoundaryIs>
              <LinearRing>
                <tessellate>1</tessellate>
                <coordinates>
                  -53.9323159,-28.3982452,0
                  -53.932397,-28.39494,0
                  -53.9388,-28.395046,0
                  -53.9388753,-28.3952832,0
                  -53.939404,-28.39546,0
                  -53.9394351,-28.3983584,0
                  -53.9367742,-28.3984069,0
                  -53.9323159,-28.3982452,0
                </coordinates>
              </LinearRing>
            </outerBoundaryIs>
          </Polygon>
          <Polygon>
            <outerBoundaryIs>
              <LinearRing>
                <tessellate>1</tessellate>
                <coordinates>
                  -53.9323109,-28.3984855,0
                  -53.9367419,-28.3986631,0
                  -53.9394345,-28.3985902,0
                  -53.939434,-28.39919,0
                  -53.939928,-28.399866,0
                  -53.939426,-28.400239,0
                  -53.939404,-28.400755,0
                  -53.933515,-28.400573,0
                  -53.933517,-28.400022,0
                  -53.932273,-28.399992,0
                  -53.9323117,-28.398414,0
                  -53.9323109,-28.3984855,0
                </coordinates>
              </LinearRing>
            </outerBoundaryIs>
          </Polygon>
        </MultiGeometry>
      </Placemark>
      <Placemark>
        <name>ZR2</name>
        <description><![CDATA[Zona Residencial 2<br><br>EMPREENDEDORES<br>Antes de abrir seu empreendimento verifique as atividades permitidas no zoneamento (alvarás e licenças).<br>CONSTRUÇÕES<br>Verifique os parâmetros urbanísticos para edificações.<br><br>Acesse neste link o regime urbanístico (Anexo 1) e a lista de atividades permitidas no zoneamento (Anexo 3)<br>https://drive.google.com/file/d/1oRPJhnkInDqgu7KWmKXnNr1rbkjEIcyL/view?usp=sharing<br><br><br>*Este mapa é ilustrativo, em caso de dúvidas contatar a Secretaria Municipal de Planejamento (55) 3331-8200.]]></description>
        <styleUrl>#poly-FFEA00-1200-77</styleUrl>
        <Polygon>
          <outerBoundaryIs>
            <LinearRing>
              <tessellate>1</tessellate>
              <coordinates>
                -53.928304,-28.394581,0
                -53.928275,-28.396565,0
                -53.927808,-28.396904,0
                -53.923264,-28.396785,0
                -53.923294,-28.39495,0
                -53.926045,-28.39515,0
                -53.926755,-28.394574,0
                -53.928304,-28.394581,0
              </coordinates>
            </LinearRing>
          </outerBoundaryIs>
        </Polygon>
      </Placemark>
      <Placemark>
        <name>ZR2</name>
        <description><![CDATA[Zona Residencial 2<br><br>EMPREENDEDORES<br>Antes de abrir seu empreendimento verifique as atividades permitidas no zoneamento (alvarás e licenças).<br>CONSTRUÇÕES<br>Verifique os parâmetros urbanísticos para edificações.<br><br>Acesse neste link o regime urbanístico (Anexo 1) e a lista de atividades permitidas no zoneamento (Anexo 3)<br>https://drive.google.com/file/d/1oRPJhnkInDqgu7KWmKXnNr1rbkjEIcyL/view?usp=sharing<br><br><br>*Este mapa é ilustrativo, em caso de dúvidas contatar a Secretaria Municipal de Planejamento (55) 3331-8200.]]></description>
        <styleUrl>#poly-FFEA00-1200-77</styleUrl>
        <Polygon>
          <outerBoundaryIs>
            <LinearRing>
              <tessellate>1</tessellate>
              <coordinates>
                -53.9106076,-28.394706,0
                -53.9105676,-28.396549,0
                -53.9084476,-28.396512,0
                -53.9084446,-28.394698,0
                -53.9106076,-28.394706,0
              </coordinates>
            </LinearRing>
          </outerBoundaryIs>
        </Polygon>
      </Placemark>
      <Placemark>
        <name>ZR2</name>
        <description><![CDATA[Zona Residencial 2<br><br>EMPREENDEDORES<br>Antes de abrir seu empreendimento verifique as atividades permitidas no zoneamento (alvarás e licenças).<br>CONSTRUÇÕES<br>Verifique os parâmetros urbanísticos para edificações.<br><br>Acesse neste link o regime urbanístico (Anexo 1) e a lista de atividades permitidas no zoneamento (Anexo 3)<br>https://drive.google.com/file/d/1oRPJhnkInDqgu7KWmKXnNr1rbkjEIcyL/view?usp=sharing<br><br><br>*Este mapa é ilustrativo, em caso de dúvidas contatar a Secretaria Municipal de Planejamento (55) 3331-8200.]]></description>
        <styleUrl>#poly-FFEA00-1200-77</styleUrl>
        <Polygon>
          <outerBoundaryIs>
            <LinearRing>
              <tessellate>1</tessellate>
              <coordinates>
                -53.905356,-28.394641,0
                -53.905406,-28.396485,0
                -53.903089,-28.396477,0
                -53.903157,-28.394573,0
                -53.905356,-28.394641,0
              </coordinates>
            </LinearRing>
          </outerBoundaryIs>
        </Polygon>
      </Placemark>
      <Placemark>
        <name>ZR2</name>
        <description><![CDATA[Zona Residencial 2<br><br>EMPREENDEDORES<br>Antes de abrir seu empreendimento verifique as atividades permitidas no zoneamento (alvarás e licenças).<br>CONSTRUÇÕES<br>Verifique os parâmetros urbanísticos para edificações.<br><br>Acesse neste link o regime urbanístico (Anexo 1) e a lista de atividades permitidas no zoneamento (Anexo 3)<br>https://drive.google.com/file/d/1oRPJhnkInDqgu7KWmKXnNr1rbkjEIcyL/view?usp=sharing<br><br><br>*Este mapa é ilustrativo, em caso de dúvidas contatar a Secretaria Municipal de Planejamento (55) 3331-8200.]]></description>
        <styleUrl>#poly-FFEA00-1200-77</styleUrl>
        <Polygon>
          <outerBoundaryIs>
            <LinearRing>
              <tessellate>1</tessellate>
              <coordinates>
                -53.901238,-28.3935993,0
                -53.901172,-28.3981663,0
                -53.906262,-28.3982933,0
                -53.906171,-28.4018763,0
                -53.906429,-28.4018673,0
                -53.906409,-28.4033303,0
                -53.905655,-28.4038283,0
                -53.9031374,-28.4052168,0
                -53.901994,-28.4062183,0
                -53.9012813,-28.4066418,0
                -53.900443,-28.4067813,0
                -53.899817,-28.4053713,0
                -53.8994037,-28.4037729,0
                -53.8988995,-28.401206,0
                -53.898315,-28.3987353,0
                -53.897535,-28.3964373,0
                -53.8970112,-28.3955056,0
                -53.896211,-28.3938153,0
                -53.896151,-28.3935913,0
                -53.9010453,-28.3936085,0
                -53.901238,-28.3935993,0
              </coordinates>
            </LinearRing>
          </outerBoundaryIs>
        </Polygon>
      </Placemark>
      <Placemark>
        <name>ZR2</name>
        <description><![CDATA[Zona Residencial 2<br><br>EMPREENDEDORES<br>Antes de abrir seu empreendimento verifique as atividades permitidas no zoneamento (alvarás e licenças).<br>CONSTRUÇÕES<br>Verifique os parâmetros urbanísticos para edificações.<br><br>Acesse neste link o regime urbanístico (Anexo 1) e a lista de atividades permitidas no zoneamento (Anexo 3)<br>https://drive.google.com/file/d/1oRPJhnkInDqgu7KWmKXnNr1rbkjEIcyL/view?usp=sharing<br><br><br>*Este mapa é ilustrativo, em caso de dúvidas contatar a Secretaria Municipal de Planejamento (55) 3331-8200.]]></description>
        <styleUrl>#poly-FFEA00-1200-77</styleUrl>
        <Polygon>
          <outerBoundaryIs>
            <LinearRing>
              <tessellate>1</tessellate>
              <coordinates>
                -53.921474,-28.403602,0
                -53.918345,-28.403559,0
                -53.918407,-28.398495,0
                -53.921504,-28.398503,0
                -53.9214749,-28.4032363,0
                -53.921474,-28.403602,0
              </coordinates>
            </LinearRing>
          </outerBoundaryIs>
        </Polygon>
      </Placemark>
      <Placemark>
        <name>ZR2</name>
        <description><![CDATA[Zona Residencial 2<br><br>EMPREENDEDORES<br>Antes de abrir seu empreendimento verifique as atividades permitidas no zoneamento (alvarás e licenças).<br>CONSTRUÇÕES<br>Verifique os parâmetros urbanísticos para edificações.<br><br>Acesse neste link o regime urbanístico (Anexo 1) e a lista de atividades permitidas no zoneamento (Anexo 3)<br>https://drive.google.com/file/d/1oRPJhnkInDqgu7KWmKXnNr1rbkjEIcyL/view?usp=sharing<br><br><br>*Este mapa é ilustrativo, em caso de dúvidas contatar a Secretaria Municipal de Planejamento (55) 3331-8200.]]></description>
        <styleUrl>#poly-FFEA00-1200-77</styleUrl>
        <Polygon>
          <outerBoundaryIs>
            <LinearRing>
              <tessellate>1</tessellate>
              <coordinates>
                -53.917738,-28.398499,0
                -53.917665,-28.403502,0
                -53.915845,-28.403541,0
                -53.915912,-28.398445,0
                -53.9176354,-28.3984959,0
                -53.917738,-28.398499,0
              </coordinates>
            </LinearRing>
          </outerBoundaryIs>
        </Polygon>
      </Placemark>
      <Placemark>
        <name>ZR2</name>
        <description><![CDATA[Zona Residencial 2<br><br>EMPREENDEDORES<br>Antes de abrir seu empreendimento verifique as atividades permitidas no zoneamento (alvarás e licenças).<br>CONSTRUÇÕES<br>Verifique os parâmetros urbanísticos para edificações.<br><br>Acesse neste link o regime urbanístico (Anexo 1) e a lista de atividades permitidas no zoneamento (Anexo 3)<br>https://drive.google.com/file/d/1oRPJhnkInDqgu7KWmKXnNr1rbkjEIcyL/view?usp=sharing<br><br><br>*Este mapa é ilustrativo, em caso de dúvidas contatar a Secretaria Municipal de Planejamento (55) 3331-8200.]]></description>
        <styleUrl>#poly-FFEA00-1200-77</styleUrl>
        <Polygon>
          <outerBoundaryIs>
            <LinearRing>
              <tessellate>1</tessellate>
              <coordinates>
                -53.915263,-28.398438,0
                -53.915213,-28.402387,0
                -53.90896,-28.402292,0
                -53.9094373,-28.4016232,0
                -53.9103278,-28.400066,0
                -53.9106496,-28.3994054,0
                -53.911065,-28.398391,0
                -53.915263,-28.398438,0
              </coordinates>
            </LinearRing>
          </outerBoundaryIs>
        </Polygon>
      </Placemark>
      <Placemark>
        <name>ZR2</name>
        <description><![CDATA[Zona Residencial 2<br><br>EMPREENDEDORES<br>Antes de abrir seu empreendimento verifique as atividades permitidas no zoneamento (alvarás e licenças).<br>CONSTRUÇÕES<br>Verifique os parâmetros urbanísticos para edificações.<br><br>Acesse neste link o regime urbanístico (Anexo 1) e a lista de atividades permitidas no zoneamento (Anexo 3)<br>https://drive.google.com/file/d/1oRPJhnkInDqgu7KWmKXnNr1rbkjEIcyL/view?usp=sharing<br><br><br>*Este mapa é ilustrativo, em caso de dúvidas contatar a Secretaria Municipal de Planejamento (55) 3331-8200.]]></description>
        <styleUrl>#poly-FFEA00-1200-77</styleUrl>
        <Polygon>
          <outerBoundaryIs>
            <LinearRing>
              <tessellate>1</tessellate>
              <coordinates>
                -53.9103303,-28.398369,0
                -53.9102741,-28.3984899,0
                -53.9099873,-28.399397,0
                -53.9092313,-28.400801,0
                -53.9083537,-28.4020101,0
                -53.9078816,-28.4024443,0
                -53.9069523,-28.403079,0
                -53.9070333,-28.398326,0
                -53.9103303,-28.398369,0
              </coordinates>
            </LinearRing>
          </outerBoundaryIs>
        </Polygon>
      </Placemark>
      <Placemark>
        <name>ZR2</name>
        <description><![CDATA[Zona Residencial 2<br><br>EMPREENDEDORES<br>Antes de abrir seu empreendimento verifique as atividades permitidas no zoneamento (alvarás e licenças).<br>CONSTRUÇÕES<br>Verifique os parâmetros urbanísticos para edificações.<br><br>Acesse neste link o regime urbanístico (Anexo 1) e a lista de atividades permitidas no zoneamento (Anexo 3)<br>https://drive.google.com/file/d/1oRPJhnkInDqgu7KWmKXnNr1rbkjEIcyL/view?usp=sharing<br><br><br>*Este mapa é ilustrativo, em caso de dúvidas contatar a Secretaria Municipal de Planejamento (55) 3331-8200.]]></description>
        <styleUrl>#poly-FFEA00-1200-77</styleUrl>
        <Polygon>
          <outerBoundaryIs>
            <LinearRing>
              <tessellate>1</tessellate>
              <coordinates>
                -53.905417,-28.3900894,0
                -53.905382,-28.3919314,0
                -53.903148,-28.3919194,0
                -53.903212,-28.3900414,0
                -53.905417,-28.3900894,0
              </coordinates>
            </LinearRing>
          </outerBoundaryIs>
        </Polygon>
      </Placemark>
      <Placemark>
        <name>ZR2</name>
        <description><![CDATA[Zona Residencial 2<br><br>EMPREENDEDORES <br>Antes de abrir seu empreendimento verifique as atividades permitidas no zoneamento (alvarás e licenças).<br>CONSTRUÇÕES<br>Verifique os parâmetros urbanísticos para edificações.<br><br>Acesse neste link o regime urbanístico (Anexo 1) e a lista de atividades permitidas no zoneamento (Anexo 3)<br>https://drive.google.com/file/d/1oRPJhnkInDqgu7KWmKXnNr1rbkjEIcyL/view?usp=sharing<br><br><br>*Este mapa é ilustrativo, em caso de dúvidas contatar a Secretaria Municipal de Planejamento (55) 3331-8200.]]></description>
        <styleUrl>#poly-FFEA00-1200-77</styleUrl>
        <Polygon>
          <outerBoundaryIs>
            <LinearRing>
              <tessellate>1</tessellate>
              <coordinates>
                -53.9418896,-28.3778137,0
                -53.9412796,-28.3883717,0
                -53.9401096,-28.3883567,0
                -53.9400056,-28.3882517,0
                -53.9350559,-28.3881886,0
                -53.9350396,-28.3885067,0
                -53.933819,-28.3884587,0
                -53.9339396,-28.3842887,0
                -53.9334666,-28.3836017,0
                -53.9334516,-28.3813667,0
                -53.934143,-28.3813687,0
                -53.9341136,-28.3801317,0
                -53.9335466,-28.3801197,0
                -53.9336466,-28.3769997,0
                -53.9371636,-28.3770887,0
                -53.9371606,-28.3780967,0
                -53.9384837,-28.3781265,0
                -53.9389022,-28.3781077,0
                -53.9396961,-28.3778811,0
                -53.9400036,-28.3778127,0
                -53.9418896,-28.3778137,0
              </coordinates>
            </LinearRing>
          </outerBoundaryIs>
        </Polygon>
      </Placemark>
      <Placemark>
        <name>ZR2</name>
        <description><![CDATA[Zona Residencial 2<br><br>EMPREENDEDORES<br>Antes de abrir seu empreendimento verifique as atividades permitidas no zoneamento (alvarás e licenças).<br>CONSTRUÇÕES<br>Verifique os parâmetros urbanísticos para edificações.<br><br>Acesse neste link o regime urbanístico (Anexo 1) e a lista de atividades permitidas no zoneamento (Anexo 3)<br>https://drive.google.com/file/d/1oRPJhnkInDqgu7KWmKXnNr1rbkjEIcyL/view?usp=sharing<br><br><br>*Este mapa é ilustrativo, em caso de dúvidas contatar a Secretaria Municipal de Planejamento (55) 3331-8200.]]></description>
        <styleUrl>#poly-FFEA00-1200-77</styleUrl>
        <Polygon>
          <outerBoundaryIs>
            <LinearRing>
              <tessellate>1</tessellate>
              <coordinates>
                -53.900443,-28.391829,0
                -53.895217,-28.392081,0
                -53.893696,-28.390009,0
                -53.900515,-28.389864,0
                -53.9004485,-28.3916481,0
                -53.900443,-28.391829,0
              </coordinates>
            </LinearRing>
          </outerBoundaryIs>
        </Polygon>
      </Placemark>
      <Placemark>
        <name>ZR2</name>
        <description><![CDATA[Zona Residencial 2<br><br>EMPREENDEDORES<br>Antes de abrir seu empreendimento verifique as atividades permitidas no zoneamento (alvarás e licenças).<br>CONSTRUÇÕES<br>Verifique os parâmetros urbanísticos para edificações.<br><br>Acesse neste link o regime urbanístico (Anexo 1) e a lista de atividades permitidas no zoneamento (Anexo 3)<br>https://drive.google.com/file/d/1oRPJhnkInDqgu7KWmKXnNr1rbkjEIcyL/view?usp=sharing<br><br><br>*Este mapa é ilustrativo, em caso de dúvidas contatar a Secretaria Municipal de Planejamento (55) 3331-8200.]]></description>
        <styleUrl>#poly-FFEA00-1200-77</styleUrl>
        <Polygon>
          <outerBoundaryIs>
            <LinearRing>
              <tessellate>1</tessellate>
              <coordinates>
                -53.8933062,-28.388488,0
                -53.892932,-28.3884833,0
                -53.8925685,-28.3884844,0
                -53.8913187,-28.3871194,0
                -53.8897952,-28.3858074,0
                -53.8881335,-28.3845284,0
                -53.8900325,-28.3825484,0
                -53.8913125,-28.3814084,0
                -53.8922735,-28.3806725,0
                -53.8932937,-28.3800728,0
                -53.8933062,-28.388488,0
              </coordinates>
            </LinearRing>
          </outerBoundaryIs>
        </Polygon>
      </Placemark>
      <Placemark>
        <name>ZR2</name>
        <description><![CDATA[Zona Residencial 2<br><br>EMPREENDEDORES<br>Antes de abrir seu empreendimento verifique as atividades permitidas no zoneamento (alvarás e licenças).<br>CONSTRUÇÕES<br>Verifique os parâmetros urbanísticos para edificações.<br><br>Acesse neste link o regime urbanístico (Anexo 1) e a lista de atividades permitidas no zoneamento (Anexo 3)<br>https://drive.google.com/file/d/1oRPJhnkInDqgu7KWmKXnNr1rbkjEIcyL/view?usp=sharing<br><br><br>*Este mapa é ilustrativo, em caso de dúvidas contatar a Secretaria Municipal de Planejamento (55) 3331-8200.]]></description>
        <styleUrl>#poly-FFEA00-1200-77</styleUrl>
        <Polygon>
          <outerBoundaryIs>
            <LinearRing>
              <tessellate>1</tessellate>
              <coordinates>
                -53.889524,-28.377383,0
                -53.89139,-28.377381,0
                -53.891369,-28.379665,0
                -53.8895947,-28.3796028,0
                -53.889524,-28.377383,0
              </coordinates>
            </LinearRing>
          </outerBoundaryIs>
        </Polygon>
      </Placemark>
      <Placemark>
        <name>ZR2</name>
        <description><![CDATA[Zona Residencial 2<br><br>EMPREENDEDORES<br>Antes de abrir seu empreendimento verifique as atividades permitidas no zoneamento (alvarás e licenças).<br>CONSTRUÇÕES<br>Verifique os parâmetros urbanísticos para edificações.<br><br>Acesse neste link o regime urbanístico (Anexo 1) e a lista de atividades permitidas no zoneamento (Anexo 3)<br>https://drive.google.com/file/d/1oRPJhnkInDqgu7KWmKXnNr1rbkjEIcyL/view?usp=sharing<br><br><br>*Este mapa é ilustrativo, em caso de dúvidas contatar a Secretaria Municipal de Planejamento (55) 3331-8200.]]></description>
        <styleUrl>#poly-FFEA00-1200-77</styleUrl>
        <Polygon>
          <outerBoundaryIs>
            <LinearRing>
              <tessellate>1</tessellate>
              <coordinates>
                -53.908432,-28.3785286,0
                -53.90333,-28.3785186,0
                -53.903281,-28.3764476,0
                -53.908448,-28.3766546,0
                -53.908432,-28.3785286,0
              </coordinates>
            </LinearRing>
          </outerBoundaryIs>
        </Polygon>
      </Placemark>
      <Placemark>
        <name>ZR2</name>
        <description><![CDATA[Zona Residencial 2<br><br>EMPREENDEDORES<br>Antes de abrir seu empreendimento verifique as atividades permitidas no zoneamento (alvarás e licenças).<br>CONSTRUÇÕES<br>Verifique os parâmetros urbanísticos para edificações.<br><br>Acesse neste link o regime urbanístico (Anexo 1) e a lista de atividades permitidas no zoneamento (Anexo 3)<br>https://drive.google.com/file/d/1oRPJhnkInDqgu7KWmKXnNr1rbkjEIcyL/view?usp=sharing<br><br><br>*Este mapa é ilustrativo, em caso de dúvidas contatar a Secretaria Municipal de Planejamento (55) 3331-8200.]]></description>
        <styleUrl>#poly-FFEA00-1200-77</styleUrl>
        <Polygon>
          <outerBoundaryIs>
            <LinearRing>
              <tessellate>1</tessellate>
              <coordinates>
                -53.913663,-28.38147,0
                -53.914539,-28.381451,0
                -53.914477,-28.383307,0
                -53.913564,-28.383327,0
                -53.913663,-28.38147,0
              </coordinates>
            </LinearRing>
          </outerBoundaryIs>
        </Polygon>
      </Placemark>
      <Placemark>
        <name>ZR2</name>
        <description><![CDATA[Zona Residencial 2<br><br>EMPREENDEDORES<br>Antes de abrir seu empreendimento verifique as atividades permitidas no zoneamento (alvarás e licenças).<br>CONSTRUÇÕES<br>Verifique os parâmetros urbanísticos para edificações.<br><br>Acesse neste link o regime urbanístico (Anexo 1) e a lista de atividades permitidas no zoneamento (Anexo 3)<br>https://drive.google.com/file/d/1oRPJhnkInDqgu7KWmKXnNr1rbkjEIcyL/view?usp=sharing<br><br><br>*Este mapa é ilustrativo, em caso de dúvidas contatar a Secretaria Municipal de Planejamento (55) 3331-8200.]]></description>
        <styleUrl>#poly-FFEA00-1200-77</styleUrl>
        <Polygon>
          <outerBoundaryIs>
            <LinearRing>
              <tessellate>1</tessellate>
              <coordinates>
                -53.9310594,-28.3816969,0
                -53.9310543,-28.3819237,0
                -53.9299923,-28.3818927,0
                -53.9234963,-28.3839307,0
                -53.923715,-28.3791157,0
                -53.9248981,-28.3791157,0
                -53.9259512,-28.3790989,0
                -53.9259719,-28.3779104,0
                -53.9258123,-28.3768937,0
                -53.9312013,-28.3768837,0
                -53.9310704,-28.381416,0
                -53.9310594,-28.3816969,0
              </coordinates>
            </LinearRing>
          </outerBoundaryIs>
        </Polygon>
      </Placemark>
      <Placemark>
        <name>ZR2</name>
        <description><![CDATA[Zona Residencial 2<br><br>EMPREENDEDORES<br>Antes de abrir seu empreendimento verifique as atividades permitidas no zoneamento (alvarás e licenças).<br>CONSTRUÇÕES<br>Verifique os parâmetros urbanísticos para edificações.<br><br>Acesse neste link o regime urbanístico (Anexo 1) e a lista de atividades permitidas no zoneamento (Anexo 3)<br>https://drive.google.com/file/d/1oRPJhnkInDqgu7KWmKXnNr1rbkjEIcyL/view?usp=sharing<br><br><br>*Este mapa é ilustrativo, em caso de dúvidas contatar a Secretaria Municipal de Planejamento (55) 3331-8200.]]></description>
        <styleUrl>#poly-FFEA00-1200-77</styleUrl>
        <Polygon>
          <outerBoundaryIs>
            <LinearRing>
              <tessellate>1</tessellate>
              <coordinates>
                -53.925684,-28.388,0
                -53.923428,-28.388017,0
                -53.92347,-28.385968,0
                -53.925746,-28.386073,0
                -53.925684,-28.388,0
              </coordinates>
            </LinearRing>
          </outerBoundaryIs>
        </Polygon>
      </Placemark>
      <Placemark>
        <name>ZR2</name>
        <description><![CDATA[Zona Residencial 2<br><br>EMPREENDEDORES<br>Antes de abrir seu empreendimento verifique as atividades permitidas no zoneamento (alvarás e licenças).<br>CONSTRUÇÕES<br>Verifique os parâmetros urbanísticos para edificações.<br><br>Acesse neste link o regime urbanístico (Anexo 1) e a lista de atividades permitidas no zoneamento (Anexo 3)<br>https://drive.google.com/file/d/1oRPJhnkInDqgu7KWmKXnNr1rbkjEIcyL/view?usp=sharing<br><br><br>*Este mapa é ilustrativo, em caso de dúvidas contatar a Secretaria Municipal de Planejamento (55) 3331-8200.]]></description>
        <styleUrl>#poly-FFEA00-1200-77</styleUrl>
        <Polygon>
          <outerBoundaryIs>
            <LinearRing>
              <tessellate>1</tessellate>
              <coordinates>
                -53.9252931,-28.3723733,0
                -53.9252777,-28.37334,0
                -53.9252845,-28.3743723,0
                -53.919748,-28.374369,0
                -53.919438,-28.383401,0
                -53.917343,-28.383377,0
                -53.917311,-28.378692,0
                -53.913668,-28.378557,0
                -53.913876,-28.372067,0
                -53.918415,-28.372353,0
                -53.9252931,-28.3723733,0
              </coordinates>
            </LinearRing>
          </outerBoundaryIs>
        </Polygon>
      </Placemark>
      <Placemark>
        <name>ZR2</name>
        <description><![CDATA[Zona Residencial 2<br><br>EMPREENDEDORES<br>Antes de abrir seu empreendimento verifique as atividades permitidas no zoneamento (alvarás e licenças).<br>CONSTRUÇÕES<br>Verifique os parâmetros urbanísticos para edificações.<br><br>Acesse neste link o regime urbanístico (Anexo 1) e a lista de atividades permitidas no zoneamento (Anexo 3)<br>https://drive.google.com/file/d/1oRPJhnkInDqgu7KWmKXnNr1rbkjEIcyL/view?usp=sharing<br><br><br>*Este mapa é ilustrativo, em caso de dúvidas contatar a Secretaria Municipal de Planejamento (55) 3331-8200.]]></description>
        <styleUrl>#poly-FFEA00-1200-77</styleUrl>
        <Polygon>
          <outerBoundaryIs>
            <LinearRing>
              <tessellate>1</tessellate>
              <coordinates>
                -53.908411,-28.381604,0
                -53.9084107,-28.3833245,0
                -53.904505,-28.383346,0
                -53.903227,-28.383301,0
                -53.9032193,-28.3823817,0
                -53.9031603,-28.3822873,0
                -53.903206,-28.38138,0
                -53.903741,-28.3814,0
                -53.903814,-28.381344,0
                -53.906416,-28.381419,0
                -53.906534,-28.381535,0
                -53.907254,-28.3815417,0
                -53.908412,-28.381553,0
                -53.9084099,-28.3815829,0
                -53.908411,-28.381604,0
              </coordinates>
            </LinearRing>
          </outerBoundaryIs>
        </Polygon>
      </Placemark>
      <Placemark>
        <name>ZR2</name>
        <description><![CDATA[Zona Residencial 2<br><br>EMPREENDEDORES<br>Antes de abrir seu empreendimento verifique as atividades permitidas no zoneamento (alvarás e licenças).<br>CONSTRUÇÕES<br>Verifique os parâmetros urbanísticos para edificações.<br><br>Acesse neste link o regime urbanístico (Anexo 1) e a lista de atividades permitidas no zoneamento (Anexo 3)<br>https://drive.google.com/file/d/1oRPJhnkInDqgu7KWmKXnNr1rbkjEIcyL/view?usp=sharing<br><br><br>*Este mapa é ilustrativo, em caso de dúvidas contatar a Secretaria Municipal de Planejamento (55) 3331-8200.]]></description>
        <styleUrl>#poly-FFEA00-1200-77</styleUrl>
        <Polygon>
          <outerBoundaryIs>
            <LinearRing>
              <tessellate>1</tessellate>
              <coordinates>
                -53.928215,-28.38841,0
                -53.928282,-28.385638,0
                -53.927878,-28.384864,0
                -53.930983,-28.383761,0
                -53.930896,-28.388416,0
                -53.928215,-28.38841,0
              </coordinates>
            </LinearRing>
          </outerBoundaryIs>
        </Polygon>
      </Placemark>
      <Placemark>
        <name>ZR2</name>
        <description><![CDATA[Zona Residencial 2<br><br>EMPREENDEDORES<br>Antes de abrir seu empreendimento verifique as atividades permitidas no zoneamento (alvarás e licenças).<br>CONSTRUÇÕES<br>Verifique os parâmetros urbanísticos para edificações.<br><br>Acesse neste link o regime urbanístico (Anexo 1) e a lista de atividades permitidas no zoneamento (Anexo 3)<br>https://drive.google.com/file/d/1oRPJhnkInDqgu7KWmKXnNr1rbkjEIcyL/view?usp=sharing<br><br><br>*Este mapa é ilustrativo, em caso de dúvidas contatar a Secretaria Municipal de Planejamento (55) 3331-8200.]]></description>
        <styleUrl>#poly-FFEA00-1200-77</styleUrl>
        <Polygon>
          <outerBoundaryIs>
            <LinearRing>
              <tessellate>1</tessellate>
              <coordinates>
                -53.9005765,-28.3850348,0
                -53.9007315,-28.3850678,0
                -53.9006925,-28.3871578,0
                -53.8951236,-28.3872068,0
                -53.8952366,-28.3807498,0
                -53.8969425,-28.3806908,0
                -53.8969345,-28.3804378,0
                -53.8997005,-28.3804248,0
                -53.8996425,-28.3801808,0
                -53.9006205,-28.3802508,0
                -53.9005765,-28.3850348,0
              </coordinates>
            </LinearRing>
          </outerBoundaryIs>
        </Polygon>
      </Placemark>
      <Placemark>
        <name>ZR2</name>
        <description><![CDATA[Zona Residencial 2<br><br>EMPREENDEDORES<br>Antes de abrir seu empreendimento verifique as atividades permitidas no zoneamento (alvarás e licenças).<br>CONSTRUÇÕES<br>Verifique os parâmetros urbanísticos para edificações.<br><br>Acesse neste link o regime urbanístico (Anexo 1) e a lista de atividades permitidas no zoneamento (Anexo 3)<br>https://drive.google.com/file/d/1oRPJhnkInDqgu7KWmKXnNr1rbkjEIcyL/view?usp=sharing<br><br><br>*Este mapa é ilustrativo, em caso de dúvidas contatar a Secretaria Municipal de Planejamento (55) 3331-8200.]]></description>
        <styleUrl>#poly-FFEA00-1200-77</styleUrl>
        <Polygon>
          <outerBoundaryIs>
            <LinearRing>
              <tessellate>1</tessellate>
              <coordinates>
                -53.90855,-28.371422,0
                -53.90853,-28.374511,0
                -53.903311,-28.37447,0
                -53.903327,-28.372985,0
                -53.903499,-28.371932,0
                -53.904892,-28.371914,0
                -53.904856,-28.371589,0
                -53.906196,-28.371612,0
                -53.906203,-28.371369,0
                -53.90855,-28.371422,0
              </coordinates>
            </LinearRing>
          </outerBoundaryIs>
        </Polygon>
      </Placemark>
      <Placemark>
        <name>ZI2</name>
        <description><![CDATA[Zona Industrial 2<br><br>EMPREENDEDORES<br>Antes de abrir seu empreendimento verifique as atividades permitidas no zoneamento (alvarás e licenças).<br>CONSTRUÇÕES<br>Verifique os parâmetros urbanísticos para edificações.<br><br>Acesse neste link o regime urbanístico (Anexo 1) e a lista de atividades permitidas no zoneamento (Anexo 3)<br>https://drive.google.com/file/d/1oRPJhnkInDqgu7KWmKXnNr1rbkjEIcyL/view?usp=sharing<br><br><br>*Este mapa é ilustrativo, em caso de dúvidas contatar a Secretaria Municipal de Planejamento (55) 3331-8200.]]></description>
        <styleUrl>#poly-673AB7-1200-77</styleUrl>
        <Polygon>
          <outerBoundaryIs>
            <LinearRing>
              <tessellate>1</tessellate>
              <coordinates>
                -53.870519,-28.3766572,0
                -53.868139,-28.3753912,0
                -53.8662896,-28.3748365,0
                -53.864549,-28.3745962,0
                -53.8615784,-28.3743341,0
                -53.8581625,-28.374053,0
                -53.8562287,-28.3738454,0
                -53.8542358,-28.3736518,0
                -53.852302,-28.3734532,0
                -53.851191,-28.3734382,0
                -53.8501242,-28.3735844,0
                -53.849217,-28.3738142,0
                -53.8482314,-28.3741489,0
                -53.8471249,-28.3745544,0
                -53.8464719,-28.3748036,0
                -53.8460953,-28.3748809,0
                -53.8454447,-28.3749829,0
                -53.8447753,-28.3750024,0
                -53.8440023,-28.3749699,0
                -53.843326,-28.3748736,0
                -53.8423538,-28.3746609,0
                -53.8414339,-28.3744268,0
                -53.8399161,-28.374067,0
                -53.8402007,-28.3584439,0
                -53.8609017,-28.3591,0
                -53.8606172,-28.3703673,0
                -53.8707769,-28.3706967,0
                -53.870519,-28.3766572,0
              </coordinates>
            </LinearRing>
          </outerBoundaryIs>
        </Polygon>
      </Placemark>
      <Placemark>
        <name>Área Parque de Exposições</name>
        <styleUrl>#poly-A52714-1200-77-nodesc</styleUrl>
        <Polygon>
          <outerBoundaryIs>
            <LinearRing>
              <tessellate>1</tessellate>
              <coordinates>
                -53.870855,-28.370712,0
                -53.873456,-28.370791,0
                -53.87362,-28.371687,0
                -53.874431,-28.371645,0
                -53.87448,-28.37298,0
                -53.874586,-28.373919,0
                -53.874085,-28.374364,0
                -53.87377,-28.374585,0
                -53.873349,-28.374754,0
                -53.873156,-28.375079,0
                -53.872996,-28.375211,0
                -53.872943,-28.375512,0
                -53.8731667,-28.3759533,0
                -53.873459,-28.376225,0
                -53.873685,-28.376605,0
                -53.874013,-28.376936,0
                -53.874072,-28.377085,0
                -53.874289,-28.377297,0
                -53.8749,-28.378752,0
                -53.8741645,-28.3784736,0
                -53.8729306,-28.3779545,0
                -53.8718148,-28.3774353,0
                -53.870596,-28.376676,0
                -53.870855,-28.370712,0
              </coordinates>
            </LinearRing>
          </outerBoundaryIs>
        </Polygon>
      </Placemark>
      <Placemark>
        <name>ZR2</name>
        <description><![CDATA[Zona Residencial 2<br><br>EMPREENDEDORES<br>Antes de abrir seu empreendimento verifique as atividades permitidas no zoneamento (alvarás e licenças).<br>CONSTRUÇÕES<br>Verifique os parâmetros urbanísticos para edificações.<br><br>Acesse neste link o regime urbanístico (Anexo 1) e a lista de atividades permitidas no zoneamento (Anexo 3)<br>https://drive.google.com/file/d/1oRPJhnkInDqgu7KWmKXnNr1rbkjEIcyL/view?usp=sharing<br><br><br>*Este mapa é ilustrativo, em caso de dúvidas contatar a Secretaria Municipal de Planejamento (55) 3331-8200.]]></description>
        <styleUrl>#poly-FFEA00-1200-77</styleUrl>
        <Polygon>
          <outerBoundaryIs>
            <LinearRing>
              <tessellate>1</tessellate>
              <coordinates>
                -53.8976828,-28.3766784,0
                -53.8961272,-28.3776129,0
                -53.8947968,-28.3783587,0
                -53.893563,-28.3790761,0
                -53.8925008,-28.3796896,0
                -53.8919751,-28.3796424,0
                -53.8920824,-28.3753285,0
                -53.8939814,-28.375338,0
                -53.8939707,-28.3762064,0
                -53.8943839,-28.3761893,0
                -53.895301,-28.3761781,0
                -53.89661,-28.3761687,0
                -53.8973073,-28.3762914,0
                -53.8976828,-28.3766784,0
              </coordinates>
            </LinearRing>
          </outerBoundaryIs>
        </Polygon>
      </Placemark>
      <Placemark>
        <name>Área Ampliada</name>
        <description><![CDATA[Areas ampliadas ao perímetro urbano.<br><br>EMPREENDEDORES <br>Antes de abrir seu empreendimento verifique as atividades permitidas no zoneamento (alvarás e licenças).<br>CONSTRUÇÕES<br>Verifique os parâmetros urbanísticos para edificações.<br><br>Acesse neste link o regime urbanístico (Anexo 1) e a lista de atividades permitidas no zoneamento (Anexo 3)<br>https://drive.google.com/file/d/1oRPJhnkInDqgu7KWmKXnNr1rbkjEIcyL/view?usp=sharing<br><br><br>*Este mapa é ilustrativo, em caso de dúvidas contatar a Secretaria Municipal de Planejamento (55) 3331-8200.]]></description>
        <styleUrl>#poly-FF5252-1200-77</styleUrl>
        <Polygon>
          <outerBoundaryIs>
            <LinearRing>
              <tessellate>1</tessellate>
              <coordinates>
                -53.902393,-28.3582387,0
                -53.9026183,-28.3579554,0
                -53.9044,-28.356431,0
                -53.90552,-28.355294,0
                -53.9061803,-28.3548492,0
                -53.90719,-28.353911,0
                -53.907611,-28.352694,0
                -53.907492,-28.351884,0
                -53.907684,-28.351192,0
                -53.907855,-28.351066,0
                -53.9083315,-28.3510678,0
                -53.909079,-28.351633,0
                -53.910127,-28.353754,0
                -53.910409,-28.355205,0
                -53.91009,-28.356018,0
                -53.910339,-28.357161,0
                -53.9109064,-28.3579578,0
                -53.9110727,-28.3580286,0
                -53.911753,-28.358622,0
                -53.9120758,-28.3588004,0
                -53.912291,-28.358982,0
                -53.912285,-28.359695,0
                -53.912442,-28.359706,0
                -53.912829,-28.359848,0
                -53.9126516,-28.3601369,0
                -53.9023607,-28.3598786,0
                -53.902393,-28.3582387,0
              </coordinates>
            </LinearRing>
          </outerBoundaryIs>
        </Polygon>
      </Placemark>
      <Placemark>
        <name>ZC2 + ZR3 + ZI1</name>
        <description><![CDATA[Zona Comercial 2 + Zona Residencial 3 + Zona Industrial 1<br><br>EMPREENDEDORES<br>Antes de abrir seu empreendimento verifique as atividades permitidas no zoneamento (alvarás e licenças).<br>CONSTRUÇÕES<br>Verifique os parâmetros urbanísticos para edificações.<br><br>Acesse neste link o regime urbanístico (Anexo 1) e a lista de atividades permitidas no zoneamento (Anexo 3)<br>https://drive.google.com/file/d/1oRPJhnkInDqgu7KWmKXnNr1rbkjEIcyL/view?usp=sharing<br><br><br>*Este mapa é ilustrativo, em caso de dúvidas contatar a Secretaria Municipal de Planejamento (55) 3331-8200.]]></description>
        <styleUrl>#poly-000000-1-77</styleUrl>
        <Polygon>
          <outerBoundaryIs>
            <LinearRing>
              <tessellate>1</tessellate>
              <coordinates>
                -53.921906,-28.3936051,0
                -53.9120305,-28.3935421,0
                -53.9095977,-28.3934587,0
                -53.9097199,-28.3890253,0
                -53.9097374,-28.3846132,0
                -53.9221264,-28.3848138,0
                -53.921906,-28.3936051,0
              </coordinates>
            </LinearRing>
          </outerBoundaryIs>
        </Polygon>
      </Placemark>
      <Placemark>
        <name>ZC1 + ZR3</name>
        <description><![CDATA[Zona Comercial 1 (ZC1) + Zona Residencial 3 (ZR3)<br><br>EMPREENDEDORES<br>Antes de abrir seu empreendimento verifique as atividades permitidas no zoneamento (alvarás e licenças).<br>CONSTRUÇÕES<br>Verifique os parâmetros urbanísticos para edificações.<br><br>Acesse neste link o regime urbanístico (Anexo 1) e a lista de atividades permitidas no zoneamento (Anexo 3)<br>https://drive.google.com/file/d/1oRPJhnkInDqgu7KWmKXnNr1rbkjEIcyL/view?usp=sharing<br><br><br>*Este mapa é ilustrativo, em caso de dúvidas contatar a Secretaria Municipal de Planejamento (55) 3331-8200.]]></description>
        <styleUrl>#poly-3949AB-1-77</styleUrl>
        <Polygon>
          <outerBoundaryIs>
            <LinearRing>
              <tessellate>1</tessellate>
              <coordinates>
                -53.9093657,-28.389184,0
                -53.9092247,-28.393143,0
                -53.9071727,-28.393117,0
                -53.9072237,-28.389149,0
                -53.9093657,-28.389184,0
              </coordinates>
            </LinearRing>
          </outerBoundaryIs>
        </Polygon>
      </Placemark>
      <Placemark>
        <name>ZC1 + ZR3</name>
        <description><![CDATA[Zona Comercial 1 (ZC1) + Zona Residencial 3 (ZR3)<br><br>EMPREENDEDORES<br>Antes de abrir seu empreendimento verifique as atividades permitidas no zoneamento (alvarás e licenças).<br>CONSTRUÇÕES<br>Verifique os parâmetros urbanísticos para edificações.<br><br>Acesse neste link o regime urbanístico (Anexo 1) e a lista de atividades permitidas no zoneamento (Anexo 3)<br>https://drive.google.com/file/d/1oRPJhnkInDqgu7KWmKXnNr1rbkjEIcyL/view?usp=sharing<br><br><br>*Este mapa é ilustrativo, em caso de dúvidas contatar a Secretaria Municipal de Planejamento (55) 3331-8200.]]></description>
        <styleUrl>#poly-3949AB-1-77</styleUrl>
        <Polygon>
          <outerBoundaryIs>
            <LinearRing>
              <tessellate>1</tessellate>
              <coordinates>
                -53.932616,-28.37144,0
                -53.932489,-28.375455,0
                -53.926281,-28.375343,0
                -53.9266342,-28.3746115,0
                -53.927548,-28.373642,0
                -53.931959,-28.371441,0
                -53.932616,-28.37144,0
              </coordinates>
            </LinearRing>
          </outerBoundaryIs>
        </Polygon>
      </Placemark>
      <Placemark>
        <name>ZC2 + ZR3 + ZI1</name>
        <description><![CDATA[Zona Comercial 2 + Zona Residencial 3 + Zona Industrial 1<br><br>EMPREENDEDORES<br>Antes de abrir seu empreendimento verifique as atividades permitidas no zoneamento (alvarás e licenças).<br>CONSTRUÇÕES<br>Verifique os parâmetros urbanísticos para edificações.<br><br>Acesse neste link o regime urbanístico (Anexo 1) e a lista de atividades permitidas no zoneamento (Anexo 3)<br>https://drive.google.com/file/d/1oRPJhnkInDqgu7KWmKXnNr1rbkjEIcyL/view?usp=sharing<br><br><br>*Este mapa é ilustrativo, em caso de dúvidas contatar a Secretaria Municipal de Planejamento (55) 3331-8200.]]></description>
        <styleUrl>#poly-000000-1-77</styleUrl>
        <Polygon>
          <outerBoundaryIs>
            <LinearRing>
              <tessellate>1</tessellate>
              <coordinates>
                -53.9322632,-28.3758088,0
                -53.9327124,-28.3758134,0
                -53.9325164,-28.3823734,0
                -53.9267074,-28.3842474,0
                -53.9266413,-28.3843561,0
                -53.9263834,-28.3845424,0
                -53.9261944,-28.3845754,0
                -53.9260084,-28.3844904,0
                -53.9253592,-28.3845861,0
                -53.9248066,-28.3846676,0
                -53.9243052,-28.3847312,0
                -53.9234309,-28.3847432,0
                -53.922181,-28.3847127,0
                -53.9223524,-28.3778544,0
                -53.9235584,-28.3778727,0
                -53.9254014,-28.3756994,0
                -53.9322632,-28.3758088,0
              </coordinates>
            </LinearRing>
          </outerBoundaryIs>
          <innerBoundaryIs>
            <LinearRing>
              <tessellate>1</tessellate>
              <coordinates>
                -53.9264714,-28.3840844,0
                -53.9262984,-28.3842754,0
                -53.9260644,-28.3842524,0
                -53.924804,-28.3843608,0
                -53.9242554,-28.3844354,0
                -53.9224584,-28.3844344,0
                -53.9225904,-28.3780954,0
                -53.9236944,-28.3780877,0
                -53.9256794,-28.3758874,0
                -53.9322632,-28.3760165,0
                -53.9324384,-28.3760224,0
                -53.9322774,-28.3822684,0
                -53.9264714,-28.3840844,0
              </coordinates>
            </LinearRing>
          </innerBoundaryIs>
        </Polygon>
      </Placemark>
      <Placemark>
        <name>ZR1</name>
        <description><![CDATA[Zona Residencial 1<br><br>EMPREENDEDORES <br>Antes de abrir seu empreendimento verifique as atividades permitidas no zoneamento (alvarás e licenças).<br>CONSTRUÇÕES<br>Verifique os parâmetros urbanísticos para edificações.<br><br>Acesse neste link o regime urbanístico (Anexo 1) e a lista de atividades permitidas no zoneamento (Anexo 3)<br>https://drive.google.com/file/d/1oRPJhnkInDqgu7KWmKXnNr1rbkjEIcyL/view?usp=sharing<br><br><br>*Este mapa é ilustrativo, em caso de dúvidas contatar a Secretaria Municipal de Planejamento (55) 3331-8200.]]></description>
        <styleUrl>#poly-F9A825-1200-77</styleUrl>
        <Polygon>
          <outerBoundaryIs>
            <LinearRing>
              <tessellate>1</tessellate>
              <coordinates>
                -53.942822,-28.37787,0
                -53.939967,-28.377843,0
                -53.939188,-28.37809,0
                -53.937166,-28.378092,0
                -53.937209,-28.375323,0
                -53.9331191,-28.3751685,0
                -53.9331952,-28.3732845,0
                -53.9415,-28.37364,0
                -53.941505,-28.374552,0
                -53.942927,-28.374564,0
                -53.942822,-28.37787,0
              </coordinates>
            </LinearRing>
          </outerBoundaryIs>
        </Polygon>
      </Placemark>
      <Placemark>
        <name>ZR1</name>
        <description><![CDATA[Zona Residencial 1<br><br>EMPREENDEDORES <br>Antes de abrir seu empreendimento verifique as atividades permitidas no zoneamento (alvarás e licenças).<br>CONSTRUÇÕES<br>Verifique os parâmetros urbanísticos para edificações.<br><br>Acesse neste link o regime urbanístico (Anexo 1) e a lista de  atividades permitidas no zoneamento (Anexo 3)<br>https://drive.google.com/file/d/1oRPJhnkInDqgu7KWmKXnNr1rbkjEIcyL/view?usp=sharing<br><br><br>*Este mapa é ilustrativo, em caso de dúvidas contatar a Secretaria Municipal de Planejamento (55) 3331-8200.]]></description>
        <styleUrl>#poly-F9A825-1200-77</styleUrl>
        <Polygon>
          <outerBoundaryIs>
            <LinearRing>
              <tessellate>1</tessellate>
              <coordinates>
                -53.9334433,-28.3732692,0
                -53.9334607,-28.3708869,0
                -53.9338041,-28.3699051,0
                -53.9364755,-28.3671013,0
                -53.9361493,-28.3669262,0
                -53.9380823,-28.3648922,0
                -53.9420643,-28.3650692,0
                -53.9420073,-28.3653592,0
                -53.9420273,-28.3656352,0
                -53.9423183,-28.3663472,0
                -53.9427054,-28.3663572,0
                -53.9428886,-28.3667118,0
                -53.9429879,-28.3671154,0
                -53.9429343,-28.3675166,0
                -53.9426553,-28.367932,0
                -53.9423603,-28.3681397,0
                -53.9420331,-28.3682719,0
                -53.9414913,-28.3683191,0
                -53.9407456,-28.3682341,0
                -53.940059,-28.3682011,0
                -53.9395976,-28.3684513,0
                -53.9393509,-28.3687581,0
                -53.939206,-28.3690979,0
                -53.9392114,-28.3700656,0
                -53.9390129,-28.3704573,0
                -53.9388144,-28.3706933,0
                -53.9386428,-28.3708208,0
                -53.9378435,-28.3712739,0
                -53.9367598,-28.3718545,0
                -53.9363522,-28.3722462,0
                -53.9356387,-28.3728787,0
                -53.9354187,-28.3730486,0
                -53.9349252,-28.3732516,0
                -53.9345229,-28.373313,0
                -53.9334433,-28.3732692,0
              </coordinates>
            </LinearRing>
          </outerBoundaryIs>
        </Polygon>
      </Placemark>
      <Placemark>
        <name>Área ampliada</name>
        <description><![CDATA[Áreas ampliadas ao perímetro urbano<br><br>EMPREENDEDORES<br>Antes de abrir seu empreendimento verifique as atividades permitidas no zoneamento (alvarás e licenças).<br>CONSTRUÇÕES<br>Verifique os parâmetros urbanísticos para edificações.<br><br>Acesse neste link o regime urbanístico (Anexo 1) e a lista de atividades permitidas no zoneamento (Anexo 3)<br>https://drive.google.com/file/d/1oRPJhnkInDqgu7KWmKXnNr1rbkjEIcyL/view?usp=sharing<br><br><br>*Este mapa é ilustrativo, em caso de dúvidas contatar a Secretaria Municipal de Planejamento (55) 3331-8200.]]></description>
        <styleUrl>#poly-FF5252-1200-77</styleUrl>
        <Polygon>
          <outerBoundaryIs>
            <LinearRing>
              <tessellate>1</tessellate>
              <coordinates>
                -53.949515,-28.371792,0
                -53.953072,-28.37185,0
                -53.9529077,-28.378987,0
                -53.9512291,-28.3789606,0
                -53.9511598,-28.385655,0
                -53.9490025,-28.3855189,0
                -53.949203,-28.380406,0
                -53.946909,-28.38046,0
                -53.946491,-28.380315,0
                -53.9460842,-28.379761,0
                -53.946768,-28.3789543,0
                -53.949467,-28.3788988,0
                -53.9494946,-28.377805,0
                -53.9468781,-28.3778639,0
                -53.946881,-28.377472,0
                -53.946637,-28.376368,0
                -53.946851,-28.375443,0
                -53.947123,-28.375143,0
                -53.947984,-28.374864,0
                -53.9484446,-28.3736063,0
                -53.949602,-28.372188,0
                -53.949515,-28.371792,0
              </coordinates>
            </LinearRing>
          </outerBoundaryIs>
        </Polygon>
      </Placemark>
      <Placemark>
        <name>Área ampliada</name>
        <description><![CDATA[Áreas ampliadas ao perímetro urbano<br><br>EMPREENDEDORES<br>Antes de abrir seu empreendimento verifique as atividades permitidas no zoneamento (alvarás e licenças).<br>CONSTRUÇÕES<br>Verifique os parâmetros urbanísticos para edificações.<br><br>Acesse neste link o regime urbanístico (Anexo 1) e a lista de atividades permitidas no zoneamento (Anexo 3)<br>https://drive.google.com/file/d/1oRPJhnkInDqgu7KWmKXnNr1rbkjEIcyL/view?usp=sharing<br><br><br>*Este mapa é ilustrativo, em caso de dúvidas contatar a Secretaria Municipal de Planejamento (55) 3331-8200.]]></description>
        <styleUrl>#poly-FF5252-1200-77</styleUrl>
        <Polygon>
          <outerBoundaryIs>
            <LinearRing>
              <tessellate>1</tessellate>
              <coordinates>
                -53.955211,-28.400652,0
                -53.9549611,-28.4001487,0
                -53.9545749,-28.3994975,0
                -53.95412,-28.398657,0
                -53.953738,-28.3979261,0
                -53.953396,-28.396918,0
                -53.953266,-28.3963783,0
                -53.953089,-28.395057,0
                -53.9531801,-28.3836363,0
                -53.955647,-28.383654,0
                -53.9555029,-28.3842829,0
                -53.9555083,-28.3853873,0
                -53.955471,-28.387174,0
                -53.9554815,-28.3899226,0
                -53.9554386,-28.3922067,0
                -53.9554386,-28.3945945,0
                -53.9555995,-28.3963122,0
                -53.9560394,-28.3973976,0
                -53.957247,-28.399622,0
                -53.955211,-28.400652,0
              </coordinates>
            </LinearRing>
          </outerBoundaryIs>
        </Polygon>
      </Placemark>
      <Placemark>
        <name>ZC2 + ZR3 + ZI1</name>
        <description><![CDATA[Zona Comercial 2 + Zona Residencial 3 + Zona Industrial 1<br><br>EMPREENDEDORES<br>Antes de abrir seu empreendimento verifique as atividades permitidas no zoneamento (alvarás e licenças).<br>CONSTRUÇÕES<br>Verifique os parâmetros urbanísticos para edificações.<br><br>Acesse neste link o regime urbanístico (Anexo 1) e a lista de atividades permitidas no zoneamento (Anexo 3)<br>https://drive.google.com/file/d/1oRPJhnkInDqgu7KWmKXnNr1rbkjEIcyL/view?usp=sharing<br><br><br>*Este mapa é ilustrativo, em caso de dúvidas contatar a Secretaria Municipal de Planejamento (55) 3331-8200.]]></description>
        <styleUrl>#poly-000000-1-77</styleUrl>
        <Polygon>
          <outerBoundaryIs>
            <LinearRing>
              <tessellate>1</tessellate>
              <coordinates>
                -53.8939673,-28.3796368,0
                -53.8939433,-28.3887266,0
                -53.892672,-28.3886806,0
                -53.8925324,-28.3884906,0
                -53.8936321,-28.3884859,0
                -53.8935811,-28.3798562,0
                -53.8939673,-28.3796368,0
              </coordinates>
            </LinearRing>
          </outerBoundaryIs>
        </Polygon>
      </Placemark>
      <Placemark>
        <name>ZC1 + ZR3</name>
        <description><![CDATA[Zona Comercial 1 (ZC1) + Zona Residencial 3 (ZR3)<br>EMPREENDEDORES<br>Antes de abrir seu empreendimento verifique as atividades permitidas no zoneamento (alvarás e licenças).<br>CONSTRUÇÕES<br>Verifique os parâmetros urbanísticos para edificações.<br><br>Acesse neste link o regime urbanístico (Anexo 1) e a lista de atividades permitidas no zoneamento (Anexo 3)<br>https://drive.google.com/file/d/1oRPJhnkInDqgu7KWmKXnNr1rbkjEIcyL/view?usp=sharing<br><br><br>*Este mapa é ilustrativo, em caso de dúvidas contatar a Secretaria Municipal de Planejamento (55) 3331-8200.]]></description>
        <styleUrl>#poly-3949AB-1-77</styleUrl>
        <Polygon>
          <outerBoundaryIs>
            <LinearRing>
              <tessellate>1</tessellate>
              <coordinates>
                -53.8935811,-28.3798562,0
                -53.8936321,-28.3884859,0
                -53.893311,-28.3885,0
                -53.8932805,-28.3801968,0
                -53.8932832,-28.3800258,0
                -53.8935811,-28.3798562,0
              </coordinates>
            </LinearRing>
          </outerBoundaryIs>
        </Polygon>
      </Placemark>
      <Placemark>
        <name>ZC1 + ZR3</name>
        <description><![CDATA[Zona Comercial 1 (ZC1) + Zona Residencial 3 (ZR3)<br><br>EMPREENDEDORES<br>Antes de abrir seu empreendimento verifique as atividades permitidas no zoneamento (alvarás e licenças).<br>CONSTRUÇÕES<br>Verifique os parâmetros urbanísticos para edificações.<br><br>Acesse neste link o regime urbanístico (Anexo 1) e a lista de atividades permitidas no zoneamento (Anexo 3)<br>https://drive.google.com/file/d/1oRPJhnkInDqgu7KWmKXnNr1rbkjEIcyL/view?usp=sharing<br><br><br>*Este mapa é ilustrativo, em caso de dúvidas contatar a Secretaria Municipal de Planejamento (55) 3331-8200.]]></description>
        <styleUrl>#poly-3949AB-1-77</styleUrl>
        <Polygon>
          <outerBoundaryIs>
            <LinearRing>
              <tessellate>1</tessellate>
              <coordinates>
                -53.9000776,-28.3884993,0
                -53.894389,-28.388516,0
                -53.894335,-28.380043,0
                -53.901546,-28.380062,0
                -53.901447,-28.388514,0
                -53.9000776,-28.3884993,0
              </coordinates>
            </LinearRing>
          </outerBoundaryIs>
          <innerBoundaryIs>
            <LinearRing>
              <tessellate>1</tessellate>
              <coordinates>
                -53.895021,-28.381112,0
                -53.896727,-28.381053,0
                -53.896719,-28.3808,0
                -53.899485,-28.380787,0
                -53.899427,-28.380543,0
                -53.900405,-28.380613,0
                -53.900361,-28.385397,0
                -53.900516,-28.38543,0
                -53.900477,-28.38752,0
                -53.9002921,-28.3875233,0
                -53.9000562,-28.3875177,0
                -53.894908,-28.387569,0
                -53.895021,-28.381112,0
              </coordinates>
            </LinearRing>
          </innerBoundaryIs>
        </Polygon>
      </Placemark>
      <Placemark>
        <name>ZC1 + ZR3</name>
        <description><![CDATA[Zona Comercial 1 (ZC1) + Zona Residencial 3 (ZR3)<br><br>EMPREENDEDORES<br>Antes de abrir seu empreendimento verifique as atividades permitidas no zoneamento (alvarás e licenças).<br>CONSTRUÇÕES<br>Verifique os parâmetros urbanísticos para edificações.<br><br>Acesse neste link o regime urbanístico (Anexo 1) e a lista de atividades permitidas no zoneamento (Anexo 3)<br>https://drive.google.com/file/d/1oRPJhnkInDqgu7KWmKXnNr1rbkjEIcyL/view?usp=sharing<br><br><br>*Este mapa é ilustrativo, em caso de dúvidas contatar a Secretaria Municipal de Planejamento (55) 3331-8200.]]></description>
        <styleUrl>#poly-3949AB-1-77</styleUrl>
        <Polygon>
          <outerBoundaryIs>
            <LinearRing>
              <tessellate>1</tessellate>
              <coordinates>
                -53.921474,-28.403602,0
                -53.9214536,-28.4038881,0
                -53.917931,-28.403794,0
                -53.9179345,-28.4041618,0
                -53.9159843,-28.4042106,0
                -53.9158102,-28.4049356,0
                -53.9151689,-28.4048995,0
                -53.9151581,-28.4030404,0
                -53.9083561,-28.4029177,0
                -53.90896,-28.402292,0
                -53.915213,-28.402387,0
                -53.9153382,-28.3984804,0
                -53.915912,-28.398445,0
                -53.915845,-28.403541,0
                -53.9176556,-28.4034445,0
                -53.917738,-28.398499,0
                -53.918407,-28.398495,0
                -53.918345,-28.403559,0
                -53.921474,-28.403602,0
              </coordinates>
            </LinearRing>
          </outerBoundaryIs>
        </Polygon>
      </Placemark>
      <Placemark>
        <name>ZC1 + ZR3</name>
        <description><![CDATA[Zona Comercial 1 (ZC1) + Zona Residencial 3 (ZR3)<br><br>EMPREENDEDORES<br>Antes de abrir seu empreendimento verifique as atividades permitidas no zoneamento (alvarás e licenças).<br>CONSTRUÇÕES<br>Verifique os parâmetros urbanísticos para edificações.<br><br>Acesse neste link o regime urbanístico (Anexo 1) e a lista de atividades permitidas no zoneamento (Anexo 3)<br>https://drive.google.com/file/d/1oRPJhnkInDqgu7KWmKXnNr1rbkjEIcyL/view?usp=sharing<br><br><br>*Este mapa é ilustrativo, em caso de dúvidas contatar a Secretaria Municipal de Planejamento (55) 3331-8200.]]></description>
        <styleUrl>#poly-3949AB-1-77</styleUrl>
        <Polygon>
          <outerBoundaryIs>
            <LinearRing>
              <tessellate>1</tessellate>
              <coordinates>
                -53.906963,-28.403079,0
                -53.9065257,-28.4032261,0
                -53.90654,-28.40187,0
                -53.906282,-28.401879,0
                -53.906373,-28.398296,0
                -53.907044,-28.398326,0
                -53.906963,-28.403079,0
              </coordinates>
            </LinearRing>
          </outerBoundaryIs>
        </Polygon>
      </Placemark>
      <Placemark>
        <name>ZC2 + ZR3 + ZI1</name>
        <description><![CDATA[Zona Comercial 2 + Zona Residencial 3 + Zona Industrial 1<br><br>EMPREENDEDORES<br>Antes de abrir seu empreendimento verifique as atividades permitidas no zoneamento (alvarás e licenças).<br>CONSTRUÇÕES<br>Verifique os parâmetros urbanísticos para edificações.<br><br>Acesse neste link o regime urbanístico (Anexo 1) e a lista de atividades permitidas no zoneamento (Anexo 3)<br>https://drive.google.com/file/d/1oRPJhnkInDqgu7KWmKXnNr1rbkjEIcyL/view?usp=sharing<br><br><br>*Este mapa é ilustrativo, em caso de dúvidas contatar a Secretaria Municipal de Planejamento (55) 3331-8200.]]></description>
        <styleUrl>#poly-000000-1-77</styleUrl>
        <MultiGeometry>
          <Polygon>
            <outerBoundaryIs>
              <LinearRing>
                <tessellate>1</tessellate>
                <coordinates>
                  -53.9321824,-28.401886,0
                  -53.932162,-28.4017219,0
                  -53.9321788,-28.4017222,0
                  -53.9321824,-28.401886,0
                </coordinates>
              </LinearRing>
            </outerBoundaryIs>
          </Polygon>
          <Polygon>
            <outerBoundaryIs>
              <LinearRing>
                <tessellate>1</tessellate>
                <coordinates>
                  -53.9321788,-28.4017222,0
                  -53.9321491,-28.4003797,0
                  -53.928174,-28.4003117,0
                  -53.928823,-28.3988767,0
                  -53.9290477,-28.3981652,0
                  -53.9295137,-28.3973075,0
                  -53.9296732,-28.3964074,0
                  -53.9296822,-28.3951045,0
                  -53.9297208,-28.3938088,0
                  -53.9326219,-28.3938541,0
                  -53.9418236,-28.3940809,0
                  -53.9424516,-28.3941355,0
                  -53.9423725,-28.399386,0
                  -53.9422666,-28.4018808,0
                  -53.9321788,-28.4017222,0
                </coordinates>
              </LinearRing>
            </outerBoundaryIs>
            <innerBoundaryIs>
              <LinearRing>
                <tessellate>1</tessellate>
                <coordinates>
                  -53.932433,-28.4014847,0
                  -53.932462,-28.4002117,0
                  -53.928538,-28.4001477,0
                  -53.929797,-28.3974087,0
                  -53.9298703,-28.3970583,0
                  -53.9299186,-28.3967917,0
                  -53.92995,-28.3961487,0
                  -53.929997,-28.3940697,0
                  -53.9418021,-28.3942885,0
                  -53.942141,-28.3943057,0
                  -53.941983,-28.4016337,0
                  -53.932433,-28.4014847,0
                </coordinates>
              </LinearRing>
            </innerBoundaryIs>
          </Polygon>
        </MultiGeometry>
      </Placemark>
      <Placemark>
        <name>ZC2 + ZR3 + ZI1</name>
        <description><![CDATA[Zona Comercial 2 + Zona Residencial 3 + Zona Industrial 1<br><br>EMPREENDEDORES<br>Antes de abrir seu empreendimento verifique as atividades permitidas no zoneamento (alvarás e licenças).<br>CONSTRUÇÕES<br>Verifique os parâmetros urbanísticos para edificações.<br><br>Acesse neste link o regime urbanístico (Anexo 1) e a lista de atividades permitidas no zoneamento (Anexo 3)<br>https://drive.google.com/file/d/1oRPJhnkInDqgu7KWmKXnNr1rbkjEIcyL/view?usp=sharing<br><br><br>*Este mapa é ilustrativo, em caso de dúvidas contatar a Secretaria Municipal de Planejamento (55) 3331-8200.]]></description>
        <styleUrl>#poly-000000-1-77</styleUrl>
        <Polygon>
          <outerBoundaryIs>
            <LinearRing>
              <tessellate>1</tessellate>
              <coordinates>
                -53.941943,-28.4073246,0
                -53.941971,-28.402151,0
                -53.932411,-28.401982,0
                -53.9321207,-28.4120618,0
                -53.9318847,-28.4120571,0
                -53.932171,-28.401763,0
                -53.942219,-28.401941,0
                -53.942131,-28.407191,0
                -53.941943,-28.4073246,0
              </coordinates>
            </LinearRing>
          </outerBoundaryIs>
        </Polygon>
      </Placemark>
      <Placemark>
        <name>ZC2 + ZR3 + ZI1</name>
        <description><![CDATA[Zona Comercial 2 + Zona Residencial 3 + Zona Industrial 1<br><br>EMPREENDEDORES<br>Antes de abrir seu empreendimento verifique as atividades permitidas no zoneamento (alvarás e licenças).<br>CONSTRUÇÕES<br>Verifique os parâmetros urbanísticos para edificações.<br><br>Acesse neste link o regime urbanístico (Anexo 1) e a lista de atividades permitidas no zoneamento (Anexo 3)<br>https://drive.google.com/file/d/1oRPJhnkInDqgu7KWmKXnNr1rbkjEIcyL/view?usp=sharing<br><br><br>*Este mapa é ilustrativo, em caso de dúvidas contatar a Secretaria Municipal de Planejamento (55) 3331-8200.]]></description>
        <styleUrl>#poly-000000-1-77</styleUrl>
        <Polygon>
          <outerBoundaryIs>
            <LinearRing>
              <tessellate>1</tessellate>
              <coordinates>
                -53.9425012,-28.4068788,0
                -53.9422286,-28.4070595,0
                -53.942526,-28.394091,0
                -53.94278,-28.394095,0
                -53.9425012,-28.4068788,0
              </coordinates>
            </LinearRing>
          </outerBoundaryIs>
        </Polygon>
      </Placemark>
      <Placemark>
        <name>ZC1 + ZR3</name>
        <description><![CDATA[Zona Comercial 1 (ZC1) + Zona Residencial 3 (ZR3)<br><br>EMPREENDEDORES<br>Antes de abrir seu empreendimento verifique as atividades permitidas no zoneamento (alvarás e licenças).<br>CONSTRUÇÕES<br>Verifique os parâmetros urbanísticos para edificações.<br><br>Acesse neste link o regime urbanístico (Anexo 1) e a lista de atividades permitidas no zoneamento (Anexo 3)<br>https://drive.google.com/file/d/1oRPJhnkInDqgu7KWmKXnNr1rbkjEIcyL/view?usp=sharing<br><br><br>*Este mapa é ilustrativo, em caso de dúvidas contatar a Secretaria Municipal de Planejamento (55) 3331-8200.]]></description>
        <styleUrl>#poly-3949AB-1-77</styleUrl>
        <Polygon>
          <outerBoundaryIs>
            <LinearRing>
              <tessellate>1</tessellate>
              <coordinates>
                -53.9379866,-28.3942091,0
                -53.942141,-28.3942963,0
                -53.941983,-28.4016243,0
                -53.932433,-28.4014753,0
                -53.932462,-28.4002023,0
                -53.928538,-28.4001383,0
                -53.9298219,-28.3973047,0
                -53.9299186,-28.3967823,0
                -53.9299667,-28.3959221,0
                -53.9300418,-28.3940722,0
                -53.9379866,-28.3942091,0
              </coordinates>
            </LinearRing>
          </outerBoundaryIs>
          <innerBoundaryIs>
            <LinearRing>
              <tessellate>1</tessellate>
              <coordinates>
                -53.9323117,-28.3984093,0
                -53.9323137,-28.3982404,0
                -53.9323159,-28.3982405,0
                -53.9323117,-28.3984093,0
              </coordinates>
            </LinearRing>
          </innerBoundaryIs>
          <innerBoundaryIs>
            <LinearRing>
              <tessellate>1</tessellate>
              <coordinates>
                -53.932397,-28.3949353,0
                -53.9379184,-28.3950133,0
                -53.9388,-28.3950413,0
                -53.9388753,-28.3952785,0
                -53.939404,-28.3954553,0
                -53.9394351,-28.3983537,0
                -53.9367742,-28.3984022,0
                -53.9323159,-28.3982405,0
                -53.932397,-28.3949353,0
              </coordinates>
            </LinearRing>
          </innerBoundaryIs>
          <innerBoundaryIs>
            <LinearRing>
              <tessellate>1</tessellate>
              <coordinates>
                -53.9323109,-28.3984808,0
                -53.9367419,-28.3986584,0
                -53.9394345,-28.3985855,0
                -53.939434,-28.3991853,0
                -53.939928,-28.3998613,0
                -53.939426,-28.4002343,0
                -53.939404,-28.4007503,0
                -53.933515,-28.4005683,0
                -53.933517,-28.4000173,0
                -53.932273,-28.3999873,0
                -53.9323117,-28.3984093,0
                -53.9323109,-28.3984808,0
              </coordinates>
            </LinearRing>
          </innerBoundaryIs>
        </Polygon>
      </Placemark>
      <Placemark>
        <name>ZC2 + ZR3 + ZI1</name>
        <description><![CDATA[Zona Comercial 2 + Zona Residencial 3 + Zona Industrial 1<br><br>EMPREENDEDORES<br>Antes de abrir seu empreendimento verifique as atividades permitidas no zoneamento (alvarás e licenças).<br>CONSTRUÇÕES<br>Verifique os parâmetros urbanísticos para edificações.<br><br>Acesse neste link o regime urbanístico (Anexo 1) e a lista de atividades permitidas no zoneamento (Anexo 3)<br>https://drive.google.com/file/d/1oRPJhnkInDqgu7KWmKXnNr1rbkjEIcyL/view?usp=sharing<br><br><br>*Este mapa é ilustrativo, em caso de dúvidas contatar a Secretaria Municipal de Planejamento (55) 3331-8200.]]></description>
        <styleUrl>#poly-000000-1-77</styleUrl>
        <Polygon>
          <outerBoundaryIs>
            <LinearRing>
              <tessellate>1</tessellate>
              <coordinates>
                -53.881488,-28.37961,0
                -53.892358,-28.37977,0
                -53.8913361,-28.38044,0
                -53.890639,-28.380942,0
                -53.8901318,-28.3813934,0
                -53.887464,-28.38416,0
                -53.88729,-28.384049,0
                -53.8877122,-28.3836022,0
                -53.889972,-28.381223,0
                -53.890903,-28.380503,0
                -53.891713,-28.379968,0
                -53.881482,-28.379806,0
                -53.881488,-28.37961,0
              </coordinates>
            </LinearRing>
          </outerBoundaryIs>
        </Polygon>
      </Placemark>
      <Placemark>
        <name>ZC1 + ZR3</name>
        <description><![CDATA[Zona Comercial 1 (ZC1) + Zona Residencial 3 (ZR3)<br><br>EMPREENDEDORES<br>Antes de abrir seu empreendimento verifique as atividades permitidas no zoneamento (alvarás e licenças).<br>CONSTRUÇÕES<br>Verifique os parâmetros urbanísticos para edificações.<br><br>Acesse neste link o regime urbanístico (Anexo 1) e a lista de atividades permitidas no zoneamento (Anexo 3)<br>https://drive.google.com/file/d/1oRPJhnkInDqgu7KWmKXnNr1rbkjEIcyL/view?usp=sharing<br><br><br>*Este mapa é ilustrativo, em caso de dúvidas contatar a Secretaria Municipal de Planejamento (55) 3331-8200.]]></description>
        <styleUrl>#poly-3949AB-1-77</styleUrl>
        <Polygon>
          <outerBoundaryIs>
            <LinearRing>
              <tessellate>1</tessellate>
              <coordinates>
                -53.929515,-28.3759551,0
                -53.932433,-28.3760177,0
                -53.932272,-28.3822637,0
                -53.9302178,-28.3829166,0
                -53.926466,-28.3840797,0
                -53.926293,-28.3842707,0
                -53.9260228,-28.3842617,0
                -53.924901,-28.3843277,0
                -53.9245852,-28.3843891,0
                -53.92425,-28.3844307,0
                -53.922453,-28.3844297,0
                -53.9226325,-28.3780884,0
                -53.9237322,-28.3780507,0
                -53.925674,-28.3758827,0
                -53.929515,-28.3759551,0
              </coordinates>
            </LinearRing>
          </outerBoundaryIs>
          <innerBoundaryIs>
            <LinearRing>
              <tessellate>1</tessellate>
              <coordinates>
                -53.931065,-28.3819237,0
                -53.930003,-28.3818927,0
                -53.923507,-28.3839307,0
                -53.9237257,-28.379111,0
                -53.9259619,-28.3790942,0
                -53.9259826,-28.3779057,0
                -53.925823,-28.3768937,0
                -53.9294882,-28.3768801,0
                -53.931212,-28.3768837,0
                -53.931065,-28.3819237,0
              </coordinates>
            </LinearRing>
          </innerBoundaryIs>
        </Polygon>
      </Placemark>
      <Placemark>
        <name>ZC1 + ZR3</name>
        <description><![CDATA[Zona Comercial 1 (ZC1) + Zona Residencial 3 (ZR3)<br><br>EMPREENDEDORES<br>Antes de abrir seu empreendimento verifique as atividades permitidas no zoneamento (alvarás e licenças).<br>CONSTRUÇÕES<br>Verifique os parâmetros urbanísticos para edificações.<br><br>Acesse neste link o regime urbanístico (Anexo 1) e a lista de atividades permitidas no zoneamento (Anexo 3)<br>https://drive.google.com/file/d/1oRPJhnkInDqgu7KWmKXnNr1rbkjEIcyL/view?usp=sharing<br><br><br>*Este mapa é ilustrativo, em caso de dúvidas contatar a Secretaria Municipal de Planejamento (55) 3331-8200.]]></description>
        <styleUrl>#poly-3949AB-1-77</styleUrl>
        <Polygon>
          <outerBoundaryIs>
            <LinearRing>
              <tessellate>1</tessellate>
              <coordinates>
                -53.9250832,-28.3758276,0
                -53.9249437,-28.3759833,0
                -53.9234183,-28.3777877,0
                -53.922205,-28.377768,0
                -53.9220621,-28.3846053,0
                -53.9209387,-28.3845683,0
                -53.921184,-28.375633,0
                -53.9251905,-28.3756978,0
                -53.9250832,-28.3758276,0
              </coordinates>
            </LinearRing>
          </outerBoundaryIs>
        </Polygon>
      </Placemark>
      <Placemark>
        <name>ZC1 + ZR3</name>
        <description><![CDATA[Zona Comercial 1 (ZC1) + Zona Residencial 3 (ZR3)<br><br>EMPREENDEDORES<br>Antes de abrir seu empreendimento verifique as atividades permitidas no zoneamento (alvarás e licenças).<br>CONSTRUÇÕES<br>Verifique os parâmetros urbanísticos para edificações.<br><br>Acesse neste link o regime urbanístico (Anexo 1) e a lista de atividades permitidas no zoneamento (Anexo 3)<br>https://drive.google.com/file/d/1oRPJhnkInDqgu7KWmKXnNr1rbkjEIcyL/view?usp=sharing<br><br><br>*Este mapa é ilustrativo, em caso de dúvidas contatar a Secretaria Municipal de Planejamento (55) 3331-8200.]]></description>
        <styleUrl>#poly-3949AB-1-77</styleUrl>
        <Polygon>
          <outerBoundaryIs>
            <LinearRing>
              <tessellate>1</tessellate>
              <coordinates>
                -53.9371962,-28.3758236,0
                -53.9353032,-28.3758185,0
                -53.933099,-28.3757733,0
                -53.9330735,-28.3751709,0
                -53.937209,-28.375323,0
                -53.9371962,-28.3758236,0
              </coordinates>
            </LinearRing>
          </outerBoundaryIs>
        </Polygon>
      </Placemark>
      <Placemark>
        <name>ZC2 + ZR3 + ZI1</name>
        <description><![CDATA[Zona Comercial 2 + Zona Residencial 3 + Zona Industrial 1<br><br>EMPREENDEDORES<br>Antes de abrir seu empreendimento verifique as atividades permitidas no zoneamento (alvarás e licenças).<br>CONSTRUÇÕES<br>Verifique os parâmetros urbanísticos para edificações.<br><br>Acesse neste link o regime urbanístico (Anexo 1) e a lista de atividades permitidas no zoneamento (Anexo 3)<br>https://drive.google.com/file/d/1oRPJhnkInDqgu7KWmKXnNr1rbkjEIcyL/view?usp=sharing<br><br><br>*Este mapa é ilustrativo, em caso de dúvidas contatar a Secretaria Municipal de Planejamento (55) 3331-8200.]]></description>
        <styleUrl>#poly-000000-1-77</styleUrl>
        <Polygon>
          <outerBoundaryIs>
            <LinearRing>
              <tessellate>1</tessellate>
              <coordinates>
                -53.942573,-28.377879,0
                -53.9428992,-28.3778784,0
                -53.9425237,-28.3895262,0
                -53.9324171,-28.3893091,0
                -53.93284,-28.375807,0
                -53.933094,-28.375815,0
                -53.93266,-28.38903,0
                -53.942283,-28.389229,0
                -53.9425773,-28.3779444,0
                -53.942573,-28.377879,0
              </coordinates>
            </LinearRing>
          </outerBoundaryIs>
        </Polygon>
      </Placemark>
      <Placemark>
        <name>ZC2 + ZR3 + ZI1</name>
        <description><![CDATA[Zona Comercial 2 + Zona Residencial 3 + Zona Industrial 1<br><br>EMPREENDEDORES<br>Antes de abrir seu empreendimento verifique as atividades permitidas no zoneamento (alvarás e licenças).<br>CONSTRUÇÕES<br>Verifique os parâmetros urbanísticos para edificações.<br><br>Acesse neste link o regime urbanístico (Anexo 1) e a lista de atividades permitidas no zoneamento (Anexo 3)<br>https://drive.google.com/file/d/1oRPJhnkInDqgu7KWmKXnNr1rbkjEIcyL/view?usp=sharing<br><br><br>*Este mapa é ilustrativo, em caso de dúvidas contatar a Secretaria Municipal de Planejamento (55) 3331-8200.]]></description>
        <styleUrl>#poly-000000-1-77</styleUrl>
        <Polygon>
          <outerBoundaryIs>
            <LinearRing>
              <tessellate>1</tessellate>
              <coordinates>
                -53.9422285,-28.3896229,0
                -53.9425235,-28.3896324,0
                -53.9424538,-28.3940684,0
                -53.9322453,-28.3937711,0
                -53.9323579,-28.38942,0
                -53.9422285,-28.3896229,0
              </coordinates>
            </LinearRing>
          </outerBoundaryIs>
          <innerBoundaryIs>
            <LinearRing>
              <tessellate>1</tessellate>
              <coordinates>
                -53.932599,-28.39349,0
                -53.932614,-28.389614,0
                -53.942224,-28.389837,0
                -53.942151,-28.393738,0
                -53.932599,-28.39349,0
              </coordinates>
            </LinearRing>
          </innerBoundaryIs>
        </Polygon>
      </Placemark>
      <Placemark>
        <name>ZC2 + ZR3 + ZI1</name>
        <description><![CDATA[Zona Comercial 2 + Zona Residencial 3 + Zona Industrial 1<br><br>EMPREENDEDORES<br>Antes de abrir seu empreendimento verifique as atividades permitidas no zoneamento (alvarás e licenças).<br>CONSTRUÇÕES<br>Verifique os parâmetros urbanísticos para edificações.<br><br>Acesse neste link o regime urbanístico (Anexo 1) e a lista de atividades permitidas no zoneamento (Anexo 3)<br>https://drive.google.com/file/d/1oRPJhnkInDqgu7KWmKXnNr1rbkjEIcyL/view?usp=sharing<br><br><br>*Este mapa é ilustrativo, em caso de dúvidas contatar a Secretaria Municipal de Planejamento (55) 3331-8200.]]></description>
        <styleUrl>#poly-000000-1-77</styleUrl>
        <Polygon>
          <outerBoundaryIs>
            <LinearRing>
              <tessellate>1</tessellate>
              <coordinates>
                -53.9319353,-28.3915306,0
                -53.9322402,-28.3915337,0
                -53.9321687,-28.3937898,0
                -53.9296783,-28.3937556,0
                -53.928429,-28.3937521,0
                -53.9271717,-28.3937085,0
                -53.9271462,-28.3930206,0
                -53.9271979,-28.3922307,0
                -53.9271905,-28.3914314,0
                -53.9284927,-28.391448,0
                -53.9319353,-28.3915306,0
              </coordinates>
            </LinearRing>
          </outerBoundaryIs>
          <innerBoundaryIs>
            <LinearRing>
              <tessellate>1</tessellate>
              <coordinates>
                -53.931936,-28.3917422,0
                -53.9318555,-28.3917261,0
                -53.9319357,-28.3916561,0
                -53.931936,-28.3917422,0
              </coordinates>
            </LinearRing>
          </innerBoundaryIs>
          <innerBoundaryIs>
            <LinearRing>
              <tessellate>1</tessellate>
              <coordinates>
                -53.9319357,-28.3916561,0
                -53.9319326,-28.3916462,0
                -53.9319356,-28.3916395,0
                -53.9319357,-28.3916561,0
              </coordinates>
            </LinearRing>
          </innerBoundaryIs>
          <innerBoundaryIs>
            <LinearRing>
              <tessellate>1</tessellate>
              <coordinates>
                -53.9319356,-28.3916395,0
                -53.9318937,-28.3915778,0
                -53.9319353,-28.3915306,0
                -53.9319356,-28.3916395,0
              </coordinates>
            </LinearRing>
          </innerBoundaryIs>
          <innerBoundaryIs>
            <LinearRing>
              <tessellate>1</tessellate>
              <coordinates>
                -53.931936,-28.391752,0
                -53.931941,-28.393481,0
                -53.927496,-28.393438,0
                -53.927499,-28.391673,0
                -53.931936,-28.3917422,0
                -53.931936,-28.391752,0
              </coordinates>
            </LinearRing>
          </innerBoundaryIs>
        </Polygon>
      </Placemark>
      <Placemark>
        <name>ZC2 + ZR3 + ZI1</name>
        <description><![CDATA[Zona Comercial 2 + Zona Residencial 3 + Zona Industrial 1<br><br>EMPREENDEDORES<br>Antes de abrir seu empreendimento verifique as atividades permitidas no zoneamento (alvarás e licenças).<br>CONSTRUÇÕES<br>Verifique os parâmetros urbanísticos para edificações.<br><br>Acesse neste link o regime urbanístico (Anexo 1) e a lista de atividades permitidas no zoneamento (Anexo 3)<br>https://drive.google.com/file/d/1oRPJhnkInDqgu7KWmKXnNr1rbkjEIcyL/view?usp=sharing<br><br><br>*Este mapa é ilustrativo, em caso de dúvidas contatar a Secretaria Municipal de Planejamento (55) 3331-8200.]]></description>
        <styleUrl>#poly-000000-1-77</styleUrl>
        <Polygon>
          <outerBoundaryIs>
            <LinearRing>
              <tessellate>1</tessellate>
              <coordinates>
                -53.9268559,-28.3914362,0
                -53.927113,-28.391436,0
                -53.927076,-28.393712,0
                -53.9219947,-28.3935969,0
                -53.922033,-28.391358,0
                -53.9268559,-28.3914362,0
              </coordinates>
            </LinearRing>
          </outerBoundaryIs>
          <innerBoundaryIs>
            <LinearRing>
              <tessellate>1</tessellate>
              <coordinates>
                -53.9268765,-28.391648,0
                -53.9268545,-28.3916478,0
                -53.9268559,-28.3914362,0
                -53.9268765,-28.391648,0
              </coordinates>
            </LinearRing>
          </innerBoundaryIs>
          <innerBoundaryIs>
            <LinearRing>
              <tessellate>1</tessellate>
              <coordinates>
                -53.926843,-28.39341,0
                -53.922266,-28.393355,0
                -53.922275,-28.391597,0
                -53.9268545,-28.3916478,0
                -53.926843,-28.39341,0
              </coordinates>
            </LinearRing>
          </innerBoundaryIs>
        </Polygon>
      </Placemark>
      <Placemark>
        <name>ZC2 + ZR3 + ZI1</name>
        <description><![CDATA[Zona Comercial 2 + Zona Residencial 3 + Zona Industrial 1<br><br>EMPREENDEDORES<br>Antes de abrir seu empreendimento verifique as atividades permitidas no zoneamento (alvarás e licenças).<br>CONSTRUÇÕES<br>Verifique os parâmetros urbanísticos para edificações.<br><br>Acesse neste link o regime urbanístico (Anexo 1) e a lista de atividades permitidas no zoneamento (Anexo 3)<br>https://drive.google.com/file/d/1oRPJhnkInDqgu7KWmKXnNr1rbkjEIcyL/view?usp=sharing<br><br><br>*Este mapa é ilustrativo, em caso de dúvidas contatar a Secretaria Municipal de Planejamento (55) 3331-8200.]]></description>
        <styleUrl>#poly-000000-1-77</styleUrl>
        <Polygon>
          <outerBoundaryIs>
            <LinearRing>
              <tessellate>1</tessellate>
              <coordinates>
                -53.9296547,-28.3940766,0
                -53.9296077,-28.3955347,0
                -53.9296114,-28.3957149,0
                -53.9296137,-28.3958999,0
                -53.9296077,-28.3962721,0
                -53.9294911,-28.3970542,0
                -53.9294583,-28.3972495,0
                -53.9293664,-28.3974329,0
                -53.9292199,-28.3977334,0
                -53.9290426,-28.3980304,0
                -53.9289797,-28.3981376,0
                -53.9288176,-28.3982944,0
                -53.928622,-28.3983744,0
                -53.9279556,-28.3986476,0
                -53.9276075,-28.3987201,0
                -53.9273024,-28.3987276,0
                -53.9269983,-28.3986791,0
                -53.9266353,-28.3985809,0
                -53.9258862,-28.3983567,0
                -53.925575,-28.3982906,0
                -53.9237511,-28.3982717,0
                -53.9222813,-28.3982434,0
                -53.9218843,-28.3982528,0
                -53.9219987,-28.3937436,0
                -53.9256752,-28.3937497,0
                -53.9295662,-28.3938076,0
                -53.9296654,-28.3938842,0
                -53.9296547,-28.3940766,0
              </coordinates>
            </LinearRing>
          </outerBoundaryIs>
          <innerBoundaryIs>
            <LinearRing>
              <tessellate>1</tessellate>
              <coordinates>
                -53.9296276,-28.3940793,0
                -53.9294762,-28.3940572,0
                -53.9295513,-28.3940254,0
                -53.9296276,-28.3940793,0
              </coordinates>
            </LinearRing>
          </innerBoundaryIs>
          <innerBoundaryIs>
            <LinearRing>
              <tessellate>1</tessellate>
              <coordinates>
                -53.9294723,-28.3940589,0
                -53.9294671,-28.3940559,0
                -53.9294762,-28.3940572,0
                -53.9294723,-28.3940589,0
              </coordinates>
            </LinearRing>
          </innerBoundaryIs>
          <innerBoundaryIs>
            <LinearRing>
              <tessellate>1</tessellate>
              <coordinates>
                -53.9293163,-28.3940339,0
                -53.929318,-28.3940258,0
                -53.929373,-28.3940016,0
                -53.9294671,-28.3940559,0
                -53.9293163,-28.3940339,0
              </coordinates>
            </LinearRing>
          </innerBoundaryIs>
          <innerBoundaryIs>
            <LinearRing>
              <tessellate>1</tessellate>
              <coordinates>
                -53.9292917,-28.3962215,0
                -53.9292383,-28.3968389,0
                -53.9291503,-28.3971789,0
                -53.9287023,-28.3979669,0
                -53.9276313,-28.3984309,0
                -53.9272303,-28.3984469,0
                -53.9269543,-28.3984099,0
                -53.9265303,-28.3983039,0
                -53.9261883,-28.3981899,0
                -53.9255263,-28.3980669,0
                -53.9221903,-28.3979779,0
                -53.9222343,-28.3939529,0
                -53.9293163,-28.3940339,0
                -53.9292917,-28.3962215,0
              </coordinates>
            </LinearRing>
          </innerBoundaryIs>
        </Polygon>
      </Placemark>
      <Placemark>
        <name>ZC2 + ZR3 + ZI1</name>
        <description><![CDATA[Zona Comercial 2 + Zona Residencial 3 + Zona Industrial 1<br><br>EMPREENDEDORES<br>Antes de abrir seu empreendimento verifique as atividades permitidas no zoneamento (alvarás e licenças).<br>CONSTRUÇÕES<br>Verifique os parâmetros urbanísticos para edificações.<br><br>Acesse neste link o regime urbanístico (Anexo 1) e a lista de atividades permitidas no zoneamento (Anexo 3)<br>https://drive.google.com/file/d/1oRPJhnkInDqgu7KWmKXnNr1rbkjEIcyL/view?usp=sharing<br><br><br>*Este mapa é ilustrativo, em caso de dúvidas contatar a Secretaria Municipal de Planejamento (55) 3331-8200.]]></description>
        <styleUrl>#poly-000000-1-77</styleUrl>
        <Polygon>
          <outerBoundaryIs>
            <LinearRing>
              <tessellate>1</tessellate>
              <coordinates>
                -53.9214857,-28.3937428,0
                -53.9218745,-28.3937365,0
                -53.9217807,-28.3982636,0
                -53.9181115,-28.3982211,0
                -53.9182349,-28.3937003,0
                -53.9214857,-28.3937428,0
              </coordinates>
            </LinearRing>
          </outerBoundaryIs>
          <innerBoundaryIs>
            <LinearRing>
              <tessellate>1</tessellate>
              <coordinates>
                -53.9214857,-28.3939363,0
                -53.9214683,-28.3938466,0
                -53.9214857,-28.3937428,0
                -53.9214857,-28.3939363,0
              </coordinates>
            </LinearRing>
          </innerBoundaryIs>
          <innerBoundaryIs>
            <LinearRing>
              <tessellate>1</tessellate>
              <coordinates>
                -53.9215984,-28.3939363,0
                -53.921539,-28.39794,0
                -53.91843,-28.397937,0
                -53.918503,-28.39389,0
                -53.9214857,-28.3939363,0
                -53.9215984,-28.3939363,0
              </coordinates>
            </LinearRing>
          </innerBoundaryIs>
        </Polygon>
      </Placemark>
      <Placemark>
        <name>ZC2 + ZR3 + ZI1</name>
        <description><![CDATA[Zona Comercial 2 + Zona Residencial 3 + Zona Industrial 1<br><br>EMPREENDEDORES<br>Antes de abrir seu empreendimento verifique as atividades permitidas no zoneamento (alvarás e licenças).<br>CONSTRUÇÕES<br>Verifique os parâmetros urbanísticos para edificações.<br><br>Acesse neste link o regime urbanístico (Anexo 1) e a lista de atividades permitidas no zoneamento (Anexo 3)<br>https://drive.google.com/file/d/1oRPJhnkInDqgu7KWmKXnNr1rbkjEIcyL/view?usp=sharing<br><br><br>*Este mapa é ilustrativo, em caso de dúvidas contatar a Secretaria Municipal de Planejamento (55) 3331-8200.]]></description>
        <styleUrl>#poly-000000-1-77</styleUrl>
        <Polygon>
          <outerBoundaryIs>
            <LinearRing>
              <tessellate>1</tessellate>
              <coordinates>
                -53.9175566,-28.3936668,0
                -53.918087,-28.393666,0
                -53.918038,-28.3982029,0
                -53.9156777,-28.3981463,0
                -53.9157957,-28.3936585,0
                -53.9175566,-28.3936668,0
              </coordinates>
            </LinearRing>
          </outerBoundaryIs>
          <innerBoundaryIs>
            <LinearRing>
              <tessellate>1</tessellate>
              <coordinates>
                -53.917775,-28.397897,0
                -53.915951,-28.397882,0
                -53.91606,-28.393836,0
                -53.9175512,-28.3938449,0
                -53.917816,-28.393854,0
                -53.917775,-28.397897,0
              </coordinates>
            </LinearRing>
          </innerBoundaryIs>
        </Polygon>
      </Placemark>
      <Placemark>
        <name>ZC2 + ZR3 + ZI1</name>
        <description><![CDATA[Zona Comercial 2 + Zona Residencial 3 + Zona Industrial 1<br><br>EMPREENDEDORES<br>Antes de abrir seu empreendimento verifique as atividades permitidas no zoneamento (alvarás e licenças).<br>CONSTRUÇÕES<br>Verifique os parâmetros urbanísticos para edificações.<br><br>Acesse neste link o regime urbanístico (Anexo 1) e a lista de atividades permitidas no zoneamento (Anexo 3)<br>https://drive.google.com/file/d/1oRPJhnkInDqgu7KWmKXnNr1rbkjEIcyL/view?usp=sharing<br><br><br>*Este mapa é ilustrativo, em caso de dúvidas contatar a Secretaria Municipal de Planejamento (55) 3331-8200.]]></description>
        <styleUrl>#poly-000000-1-77</styleUrl>
        <Polygon>
          <outerBoundaryIs>
            <LinearRing>
              <tessellate>1</tessellate>
              <coordinates>
                -53.9138612,-28.3981261,0
                -53.9108674,-28.3980854,0
                -53.9112751,-28.3969057,0
                -53.911597,-28.3959713,0
                -53.9117901,-28.395523,0
                -53.91201,-28.3950794,0
                -53.9120476,-28.3936307,0
                -53.9157007,-28.3936543,0
                -53.9155827,-28.3981373,0
                -53.9138607,-28.3981278,0
                -53.9138612,-28.3981261,0
              </coordinates>
            </LinearRing>
          </outerBoundaryIs>
          <innerBoundaryIs>
            <LinearRing>
              <tessellate>1</tessellate>
              <coordinates>
                -53.9139037,-28.3979863,0
                -53.9139245,-28.3978392,0
                -53.914011,-28.39784,0
                -53.9139949,-28.3981279,0
                -53.9138612,-28.3981261,0
                -53.9139037,-28.3979863,0
              </coordinates>
            </LinearRing>
          </innerBoundaryIs>
          <innerBoundaryIs>
            <LinearRing>
              <tessellate>1</tessellate>
              <coordinates>
                -53.911243,-28.397814,0
                -53.911901,-28.395959,0
                -53.912268,-28.395137,0
                -53.912282,-28.393773,0
                -53.915401,-28.393797,0
                -53.91527,-28.397861,0
                -53.9139251,-28.3978353,0
                -53.9139245,-28.3978392,0
                -53.911243,-28.397814,0
              </coordinates>
            </LinearRing>
          </innerBoundaryIs>
        </Polygon>
      </Placemark>
      <Placemark>
        <name>ZC2 + ZR3 + ZI1</name>
        <description><![CDATA[Zona Comercial 2 + Zona Residencial 3 + Zona Industrial 1<br><br>EMPREENDEDORES<br>Antes de abrir seu empreendimento verifique as atividades permitidas no zoneamento (alvarás e licenças).<br>CONSTRUÇÕES<br>Verifique os parâmetros urbanísticos para edificações.<br><br>Acesse neste link o regime urbanístico (Anexo 1) e a lista de atividades permitidas no zoneamento (Anexo 3)<br>https://drive.google.com/file/d/1oRPJhnkInDqgu7KWmKXnNr1rbkjEIcyL/view?usp=sharing<br><br><br>*Este mapa é ilustrativo, em caso de dúvidas contatar a Secretaria Municipal de Planejamento (55) 3331-8200.]]></description>
        <styleUrl>#poly-000000-1-77</styleUrl>
        <Polygon>
          <outerBoundaryIs>
            <LinearRing>
              <tessellate>1</tessellate>
              <coordinates>
                -53.9319588,-28.3894158,0
                -53.9319588,-28.389415,0
                -53.9322646,-28.3894126,0
                -53.932227,-28.3914655,0
                -53.9271979,-28.3913688,0
                -53.9272381,-28.3892616,0
                -53.9319588,-28.3894158,0
              </coordinates>
            </LinearRing>
          </outerBoundaryIs>
          <innerBoundaryIs>
            <LinearRing>
              <tessellate>1</tessellate>
              <coordinates>
                -53.931954,-28.391177,0
                -53.927523,-28.391168,0
                -53.927525,-28.389502,0
                -53.9319584,-28.3895631,0
                -53.931954,-28.391177,0
              </coordinates>
            </LinearRing>
          </innerBoundaryIs>
          <innerBoundaryIs>
            <LinearRing>
              <tessellate>1</tessellate>
              <coordinates>
                -53.932007,-28.3894174,0
                -53.9320043,-28.3895637,0
                -53.9319584,-28.3895631,0
                -53.9319588,-28.3894158,0
                -53.932007,-28.3894174,0
              </coordinates>
            </LinearRing>
          </innerBoundaryIs>
        </Polygon>
      </Placemark>
      <Placemark>
        <name>ZC2 + ZR3 + ZI1</name>
        <description><![CDATA[Zona Comercial 2 + Zona Residencial 3 + Zona Industrial 1<br><br>EMPREENDEDORES<br>Antes de abrir seu empreendimento verifique as atividades permitidas no zoneamento (alvarás e licenças).<br>CONSTRUÇÕES<br>Verifique os parâmetros urbanísticos para edificações.<br><br>Acesse neste link o regime urbanístico (Anexo 1) e a lista de atividades permitidas no zoneamento (Anexo 3)<br>https://drive.google.com/file/d/1oRPJhnkInDqgu7KWmKXnNr1rbkjEIcyL/view?usp=sharing<br><br><br>*Este mapa é ilustrativo, em caso de dúvidas contatar a Secretaria Municipal de Planejamento (55) 3331-8200.]]></description>
        <styleUrl>#poly-000000-1-77</styleUrl>
        <Polygon>
          <outerBoundaryIs>
            <LinearRing>
              <tessellate>1</tessellate>
              <coordinates>
                -53.9271764,-28.389264,0
                -53.9271201,-28.3913853,0
                -53.9220453,-28.3912815,0
                -53.9220668,-28.3891955,0
                -53.9268787,-28.3892593,0
                -53.9268796,-28.3892616,0
                -53.9271764,-28.389264,0
              </coordinates>
            </LinearRing>
          </outerBoundaryIs>
          <innerBoundaryIs>
            <LinearRing>
              <tessellate>1</tessellate>
              <coordinates>
                -53.9268787,-28.3892637,0
                -53.9268779,-28.3894587,0
                -53.9268247,-28.3893912,0
                -53.9268787,-28.3892637,0
              </coordinates>
            </LinearRing>
          </innerBoundaryIs>
          <innerBoundaryIs>
            <LinearRing>
              <tessellate>1</tessellate>
              <coordinates>
                -53.9268779,-28.3894587,0
                -53.926871,-28.391072,0
                -53.922303,-28.39102,0
                -53.922309,-28.38941,0
                -53.9268779,-28.3894587,0
              </coordinates>
            </LinearRing>
          </innerBoundaryIs>
        </Polygon>
      </Placemark>
      <Placemark>
        <name>ZC1 + ZR3</name>
        <description><![CDATA[Zona Comercial 1 (ZC1) + Zona Residencial 3 (ZR3)<br><br>EMPREENDEDORES<br>Antes de abrir seu empreendimento verifique as atividades permitidas no zoneamento (alvarás e licenças).<br>CONSTRUÇÕES<br>Verifique os parâmetros urbanísticos para edificações.<br><br>Acesse neste link o regime urbanístico (Anexo 1) e a lista de atividades permitidas no zoneamento (Anexo 3)<br>https://drive.google.com/file/d/1oRPJhnkInDqgu7KWmKXnNr1rbkjEIcyL/view?usp=sharing<br><br><br>*Este mapa é ilustrativo, em caso de dúvidas contatar a Secretaria Municipal de Planejamento (55) 3331-8200.]]></description>
        <styleUrl>#poly-3949AB-1-77</styleUrl>
        <Polygon>
          <outerBoundaryIs>
            <LinearRing>
              <tessellate>1</tessellate>
              <coordinates>
                -53.942151,-28.393738,0
                -53.932599,-28.39349,0
                -53.932614,-28.389614,0
                -53.942224,-28.389837,0
                -53.9421919,-28.390773,0
                -53.933126,-28.390554,0
                -53.933095,-28.392429,0
                -53.9421766,-28.3926921,0
                -53.942151,-28.393738,0
              </coordinates>
            </LinearRing>
          </outerBoundaryIs>
        </Polygon>
      </Placemark>
      <Placemark>
        <name>ZC1 + ZR3</name>
        <description><![CDATA[Zona Comercial 1 (ZC1) + Zona Residencial 3 (ZR3)<br><br>EMPREENDEDORES<br>Antes de abrir seu empreendimento verifique as atividades permitidas no zoneamento (alvarás e licenças).<br>CONSTRUÇÕES<br>Verifique os parâmetros urbanísticos para edificações.<br><br>Acesse neste link o regime urbanístico (Anexo 1) e a lista de atividades permitidas no zoneamento (Anexo 3)<br>https://drive.google.com/file/d/1oRPJhnkInDqgu7KWmKXnNr1rbkjEIcyL/view?usp=sharing<br><br><br>*Este mapa é ilustrativo, em caso de dúvidas contatar a Secretaria Municipal de Planejamento (55) 3331-8200.]]></description>
        <styleUrl>#poly-3949AB-1-77</styleUrl>
        <Polygon>
          <outerBoundaryIs>
            <LinearRing>
              <tessellate>1</tessellate>
              <coordinates>
                -53.912129,-28.371148,0
                -53.911943,-28.379638,0
                -53.910127,-28.379631,0
                -53.910269,-28.371139,0
                -53.912129,-28.371148,0
              </coordinates>
            </LinearRing>
          </outerBoundaryIs>
        </Polygon>
      </Placemark>
      <Placemark>
        <name>ZC1 + ZR3</name>
        <description><![CDATA[Zona Comercial 1 (ZC1) + Zona Residencial 3 (ZR3)<br><br>EMPREENDEDORES<br>Antes de abrir seu empreendimento verifique as atividades permitidas no zoneamento (alvarás e licenças).<br>CONSTRUÇÕES<br>Verifique os parâmetros urbanísticos para edificações.<br><br>Acesse neste link o regime urbanístico (Anexo 1) e a lista de atividades permitidas no zoneamento (Anexo 3)<br>https://drive.google.com/file/d/1oRPJhnkInDqgu7KWmKXnNr1rbkjEIcyL/view?usp=sharing<br><br><br>*Este mapa é ilustrativo, em caso de dúvidas contatar a Secretaria Municipal de Planejamento (55) 3331-8200.]]></description>
        <styleUrl>#poly-3949AB-1-77</styleUrl>
        <Polygon>
          <outerBoundaryIs>
            <LinearRing>
              <tessellate>1</tessellate>
              <coordinates>
                -53.911906,-28.380193,0
                -53.911867,-28.384255,0
                -53.910062,-28.38422,0
                -53.910103,-28.380192,0
                -53.911906,-28.380193,0
              </coordinates>
            </LinearRing>
          </outerBoundaryIs>
        </Polygon>
      </Placemark>
      <Placemark>
        <name>ZC1 + ZR3</name>
        <description><![CDATA[Zona Comercial 1 (ZC1) + Zona Residencial 3 (ZR3)<br><br>EMPREENDEDORES<br>Antes de abrir seu empreendimento verifique as atividades permitidas no zoneamento (alvarás e licenças).<br>CONSTRUÇÕES<br>Verifique os parâmetros urbanísticos para edificações.<br><br>Acesse neste link o regime urbanístico (Anexo 1) e a lista de atividades permitidas no zoneamento (Anexo 3)<br>https://drive.google.com/file/d/1oRPJhnkInDqgu7KWmKXnNr1rbkjEIcyL/view?usp=sharing<br><br><br>*Este mapa é ilustrativo, em caso de dúvidas contatar a Secretaria Municipal de Planejamento (55) 3331-8200.]]></description>
        <styleUrl>#poly-3949AB-1-77</styleUrl>
        <Polygon>
          <outerBoundaryIs>
            <LinearRing>
              <tessellate>1</tessellate>
              <coordinates>
                -53.917816,-28.393854,0
                -53.917775,-28.397897,0
                -53.915951,-28.397882,0
                -53.91606,-28.393836,0
                -53.917816,-28.393854,0
              </coordinates>
            </LinearRing>
          </outerBoundaryIs>
        </Polygon>
      </Placemark>
      <Placemark>
        <name>ZC2 + ZR3 + ZI1</name>
        <description><![CDATA[Zona Comercial 2 + Zona Residencial 3 + Zona Industrial 1<br><br>EMPREENDEDORES<br>Antes de abrir seu empreendimento verifique as atividades permitidas no zoneamento (alvarás e licenças).<br>CONSTRUÇÕES<br>Verifique os parâmetros urbanísticos para edificações.<br><br>Acesse neste link o regime urbanístico (Anexo 1) e a lista de atividades permitidas no zoneamento (Anexo 3)<br>https://drive.google.com/file/d/1oRPJhnkInDqgu7KWmKXnNr1rbkjEIcyL/view?usp=sharing<br><br><br>*Este mapa é ilustrativo, em caso de dúvidas contatar a Secretaria Municipal de Planejamento (55) 3331-8200.]]></description>
        <styleUrl>#poly-000000-1-74</styleUrl>
        <Polygon>
          <outerBoundaryIs>
            <LinearRing>
              <tessellate>1</tessellate>
              <coordinates>
                -53.9363029,-28.366228,0
                -53.9367289,-28.3662181,0
                -53.9345711,-28.3684838,0
                -53.9330744,-28.3701677,0
                -53.9325594,-28.3706527,0
                -53.932324,-28.3708316,0
                -53.9320577,-28.3710195,0
                -53.9315542,-28.3712639,0
                -53.9313135,-28.3712062,0
                -53.9033105,-28.3707945,0
                -53.9034467,-28.3662264,0
                -53.903783,-28.3662317,0
                -53.903687,-28.3704737,0
                -53.9262133,-28.3708014,0
                -53.9316037,-28.3709105,0
                -53.9328996,-28.3699502,0
                -53.9342429,-28.3685032,0
                -53.9351612,-28.3674784,0
                -53.9363029,-28.366228,0
              </coordinates>
            </LinearRing>
          </outerBoundaryIs>
        </Polygon>
      </Placemark>
      <Placemark>
        <name>ZC2 + ZR3 + ZI1</name>
        <description><![CDATA[Zona Comercial 2 + Zona Residencial 3 + Zona Industrial 1<br><br>EMPREENDEDORES<br>Antes de abrir seu empreendimento verifique as atividades permitidas no zoneamento (alvarás e licenças).<br>CONSTRUÇÕES<br>Verifique os parâmetros urbanísticos para edificações.<br><br>Acesse neste link o regime urbanístico (Anexo 1) e a lista de atividades permitidas no zoneamento (Anexo 3)<br>https://drive.google.com/file/d/1oRPJhnkInDqgu7KWmKXnNr1rbkjEIcyL/view?usp=sharing<br><br><br>*Este mapa é ilustrativo, em caso de dúvidas contatar a Secretaria Municipal de Planejamento (55) 3331-8200.]]></description>
        <styleUrl>#poly-000000-1-77</styleUrl>
        <Polygon>
          <outerBoundaryIs>
            <LinearRing>
              <tessellate>1</tessellate>
              <coordinates>
                -53.9305268,-28.3712609,0
                -53.9312471,-28.3712605,0
                -53.9315087,-28.371305,0
                -53.9314165,-28.3713362,0
                -53.9310346,-28.3715373,0
                -53.9306447,-28.371729,0
                -53.9302626,-28.3719041,0
                -53.9298403,-28.3720768,0
                -53.928695,-28.3726338,0
                -53.9277965,-28.3730986,0
                -53.9272158,-28.373422,0
                -53.9270073,-28.3736037,0
                -53.9268014,-28.3738302,0
                -53.9265814,-28.3740544,0
                -53.92523,-28.375644,0
                -53.9211374,-28.3755706,0
                -53.9209438,-28.3815778,0
                -53.9208456,-28.3845601,0
                -53.9221748,-28.3845959,0
                -53.9221756,-28.384708,0
                -53.920844,-28.3846824,0
                -53.9159392,-28.3845992,0
                -53.916,-28.379921,0
                -53.9123443,-28.3799165,0
                -53.9123926,-28.3754468,0
                -53.9124543,-28.3709664,0
                -53.9208576,-28.3710711,0
                -53.9305269,-28.3712602,0
                -53.9305268,-28.3712609,0
              </coordinates>
            </LinearRing>
          </outerBoundaryIs>
          <innerBoundaryIs>
            <LinearRing>
              <tessellate>1</tessellate>
              <coordinates>
                -53.9304894,-28.3713971,0
                -53.930609,-28.371404,0
                -53.9297625,-28.3718738,0
                -53.9282364,-28.372688,0
                -53.9275336,-28.373042,0
                -53.9272627,-28.3731883,0
                -53.9267316,-28.3736202,0
                -53.9260128,-28.3744604,0
                -53.925287,-28.375307,0
                -53.920831,-28.375278,0
                -53.920557,-28.384385,0
                -53.91624,-28.384314,0
                -53.916267,-28.379713,0
                -53.91259,-28.379661,0
                -53.9127305,-28.3711705,0
                -53.9304897,-28.3713933,0
                -53.9304894,-28.3713971,0
              </coordinates>
            </LinearRing>
          </innerBoundaryIs>
        </Polygon>
      </Placemark>
      <Placemark>
        <name>ZC2 + ZR3 + ZI1</name>
        <description><![CDATA[Zona Comercial 2 + Zona Residencial 3 + Zona Industrial 1<br><br>EMPREENDEDORES<br>Antes de abrir seu empreendimento verifique as atividades permitidas no zoneamento (alvarás e licenças).<br>CONSTRUÇÕES<br>Verifique os parâmetros urbanísticos para edificações.<br><br>Acesse neste link o regime urbanístico (Anexo 1) e a lista de atividades permitidas no zoneamento (Anexo 3)<br>https://drive.google.com/file/d/1oRPJhnkInDqgu7KWmKXnNr1rbkjEIcyL/view?usp=sharing<br><br><br>*Este mapa é ilustrativo, em caso de dúvidas contatar a Secretaria Municipal de Planejamento (55) 3331-8200.]]></description>
        <styleUrl>#poly-000000-1-77</styleUrl>
        <Polygon>
          <outerBoundaryIs>
            <LinearRing>
              <tessellate>1</tessellate>
              <coordinates>
                -53.9151397,-28.3800103,0
                -53.9158904,-28.3800057,0
                -53.9158206,-28.3845837,0
                -53.9121943,-28.3845318,0
                -53.9123244,-28.3799916,0
                -53.9151397,-28.3800103,0
              </coordinates>
            </LinearRing>
          </outerBoundaryIs>
          <innerBoundaryIs>
            <LinearRing>
              <tessellate>1</tessellate>
              <coordinates>
                -53.9151769,-28.3800105,0
                -53.9151769,-28.3802218,0
                -53.9151259,-28.3802217,0
                -53.9150991,-28.3800105,0
                -53.9151397,-28.3800103,0
                -53.9151769,-28.3800105,0
              </coordinates>
            </LinearRing>
          </innerBoundaryIs>
          <innerBoundaryIs>
            <LinearRing>
              <tessellate>1</tessellate>
              <coordinates>
                -53.915584,-28.3802225,0
                -53.915574,-28.3842905,0
                -53.912543,-28.3842615,0
                -53.912562,-28.3801975,0
                -53.9151769,-28.3802241,0
                -53.9151769,-28.3802218,0
                -53.915584,-28.3802225,0
              </coordinates>
            </LinearRing>
          </innerBoundaryIs>
        </Polygon>
      </Placemark>
      <Placemark>
        <name>ZC2 + ZR3 + ZI1</name>
        <description><![CDATA[Zona Comercial 2 + Zona Residencial 3 + Zona Industrial 1<br><br>EMPREENDEDORES<br>Antes de abrir seu empreendimento verifique as atividades permitidas no zoneamento (alvarás e licenças).<br>CONSTRUÇÕES<br>Verifique os parâmetros urbanísticos para edificações.<br><br>Acesse neste link o regime urbanístico (Anexo 1) e a lista de atividades permitidas no zoneamento (Anexo 3)<br>https://drive.google.com/file/d/1oRPJhnkInDqgu7KWmKXnNr1rbkjEIcyL/view?usp=sharing<br><br><br>*Este mapa é ilustrativo, em caso de dúvidas contatar a Secretaria Municipal de Planejamento (55) 3331-8200.]]></description>
        <styleUrl>#poly-000000-1-77</styleUrl>
        <Polygon>
          <outerBoundaryIs>
            <LinearRing>
              <tessellate>1</tessellate>
              <coordinates>
                -53.911669,-28.3845379,0
                -53.9096922,-28.3845119,0
                -53.909848,-28.379954,0
                -53.9122618,-28.3799835,0
                -53.9120901,-28.3845497,0
                -53.911669,-28.3845379,0
              </coordinates>
            </LinearRing>
          </outerBoundaryIs>
          <innerBoundaryIs>
            <LinearRing>
              <tessellate>1</tessellate>
              <coordinates>
                -53.9116382,-28.3842559,0
                -53.9116899,-28.3842564,0
                -53.911669,-28.3845379,0
                -53.9116382,-28.3842559,0
              </coordinates>
            </LinearRing>
          </innerBoundaryIs>
          <innerBoundaryIs>
            <LinearRing>
              <tessellate>1</tessellate>
              <coordinates>
                -53.91169,-28.3842553,0
                -53.9117736,-28.3842571,0
                -53.9116899,-28.3842564,0
                -53.91169,-28.3842553,0
              </coordinates>
            </LinearRing>
          </innerBoundaryIs>
          <innerBoundaryIs>
            <LinearRing>
              <tessellate>1</tessellate>
              <coordinates>
                -53.910062,-28.38422,0
                -53.910103,-28.380192,0
                -53.911906,-28.380193,0
                -53.911867,-28.384255,0
                -53.9116904,-28.38425,0
                -53.91169,-28.3842553,0
                -53.910062,-28.38422,0
              </coordinates>
            </LinearRing>
          </innerBoundaryIs>
        </Polygon>
      </Placemark>
      <Placemark>
        <name>ZC2 + ZR3 + ZI1</name>
        <description><![CDATA[Zona Comercial 2 + Zona Residencial 3 + Zona Industrial 1<br><br>EMPREENDEDORES<br>Antes de abrir seu empreendimento verifique as atividades permitidas no zoneamento (alvarás e licenças).<br>CONSTRUÇÕES<br>Verifique os parâmetros urbanísticos para edificações.<br><br>Acesse neste link o regime urbanístico (Anexo 1) e a lista de atividades permitidas no zoneamento (Anexo 3)<br>https://drive.google.com/file/d/1oRPJhnkInDqgu7KWmKXnNr1rbkjEIcyL/view?usp=sharing<br><br><br>*Este mapa é ilustrativo, em caso de dúvidas contatar a Secretaria Municipal de Planejamento (55) 3331-8200.]]></description>
        <styleUrl>#poly-000000-1-77</styleUrl>
        <Polygon>
          <outerBoundaryIs>
            <LinearRing>
              <tessellate>1</tessellate>
              <coordinates>
                -53.9116742,-28.3709422,0
                -53.9123932,-28.3709612,0
                -53.9122591,-28.3799279,0
                -53.9098424,-28.3798878,0
                -53.9100167,-28.3709152,0
                -53.9116743,-28.3709412,0
                -53.9116742,-28.3709422,0
              </coordinates>
            </LinearRing>
          </outerBoundaryIs>
          <innerBoundaryIs>
            <LinearRing>
              <tessellate>1</tessellate>
              <coordinates>
                -53.9116636,-28.3711394,0
                -53.9116448,-28.3711465,0
                -53.9115304,-28.3711459,0
                -53.9115898,-28.37094,0
                -53.9116742,-28.3709422,0
                -53.9116636,-28.3711394,0
              </coordinates>
            </LinearRing>
          </innerBoundaryIs>
          <innerBoundaryIs>
            <LinearRing>
              <tessellate>1</tessellate>
              <coordinates>
                -53.9115295,-28.3711489,0
                -53.912129,-28.371148,0
                -53.911943,-28.379638,0
                -53.910127,-28.379631,0
                -53.910269,-28.371139,0
                -53.9115304,-28.3711459,0
                -53.9115295,-28.3711489,0
              </coordinates>
            </LinearRing>
          </innerBoundaryIs>
        </Polygon>
      </Placemark>
      <Placemark>
        <name>ZC2 + ZR3 + ZI1</name>
        <description><![CDATA[Zona Comercial 2 + Zona Residencial 3 + Zona Industrial 1<br><br>EMPREENDEDORES<br>Antes de abrir seu empreendimento verifique as atividades permitidas no zoneamento (alvarás e licenças).<br>CONSTRUÇÕES<br>Verifique os parâmetros urbanísticos para edificações.<br><br>Acesse neste link o regime urbanístico (Anexo 1) e a lista de atividades permitidas no zoneamento (Anexo 3)<br>https://drive.google.com/file/d/1oRPJhnkInDqgu7KWmKXnNr1rbkjEIcyL/view?usp=sharing<br><br><br>*Este mapa é ilustrativo, em caso de dúvidas contatar a Secretaria Municipal de Planejamento (55) 3331-8200.]]></description>
        <styleUrl>#poly-000000-1-77</styleUrl>
        <Polygon>
          <outerBoundaryIs>
            <LinearRing>
              <tessellate>1</tessellate>
              <coordinates>
                -53.9077449,-28.3799309,0
                -53.9097735,-28.3799425,0
                -53.9096294,-28.3844418,0
                -53.9096155,-28.388916,0
                -53.9017676,-28.3888624,0
                -53.9018637,-28.3843567,0
                -53.9019544,-28.3798416,0
                -53.9077453,-28.3799219,0
                -53.9077449,-28.3799309,0
              </coordinates>
            </LinearRing>
          </outerBoundaryIs>
          <innerBoundaryIs>
            <LinearRing>
              <tessellate>1</tessellate>
              <coordinates>
                -53.9077349,-28.3801394,0
                -53.9076521,-28.3801386,0
                -53.9075043,-28.3799295,0
                -53.9077449,-28.3799309,0
                -53.9077349,-28.3801394,0
              </coordinates>
            </LinearRing>
          </innerBoundaryIs>
          <innerBoundaryIs>
            <LinearRing>
              <tessellate>1</tessellate>
              <coordinates>
                -53.9076586,-28.3801478,0
                -53.9094597,-28.380167,0
                -53.9093777,-28.388595,0
                -53.9021287,-28.388528,0
                -53.9022347,-28.380087,0
                -53.9076521,-28.3801386,0
                -53.9076586,-28.3801478,0
              </coordinates>
            </LinearRing>
          </innerBoundaryIs>
        </Polygon>
      </Placemark>
      <Placemark>
        <name>ZC2 + ZR3 + ZI1</name>
        <description><![CDATA[Zona Comercial 2 + Zona Residencial 3 + Zona Industrial 1<br><br>EMPREENDEDORES<br>Antes de abrir seu empreendimento verifique as atividades permitidas no zoneamento (alvarás e licenças).<br>CONSTRUÇÕES<br>Verifique os parâmetros urbanísticos para edificações.<br><br>Acesse neste link o regime urbanístico (Anexo 1) e a lista de atividades permitidas no zoneamento (Anexo 3)<br>https://drive.google.com/file/d/1oRPJhnkInDqgu7KWmKXnNr1rbkjEIcyL/view?usp=sharing<br><br><br>*Este mapa é ilustrativo, em caso de dúvidas contatar a Secretaria Municipal de Planejamento (55) 3331-8200.]]></description>
        <styleUrl>#poly-000000-1-77</styleUrl>
        <Polygon>
          <outerBoundaryIs>
            <LinearRing>
              <tessellate>1</tessellate>
              <coordinates>
                -53.9094072,-28.3754549,0
                -53.9098619,-28.3754582,0
                -53.9097748,-28.379896,0
                -53.9019145,-28.3797945,0
                -53.9020165,-28.3753284,0
                -53.9094073,-28.3754535,0
                -53.9094072,-28.3754549,0
              </coordinates>
            </LinearRing>
          </outerBoundaryIs>
          <innerBoundaryIs>
            <LinearRing>
              <tessellate>1</tessellate>
              <coordinates>
                -53.9093981,-28.3756698,0
                -53.9093349,-28.3756682,0
                -53.909359,-28.3754546,0
                -53.9094072,-28.3754549,0
                -53.9093981,-28.3756698,0
              </coordinates>
            </LinearRing>
          </innerBoundaryIs>
          <innerBoundaryIs>
            <LinearRing>
              <tessellate>1</tessellate>
              <coordinates>
                -53.90953,-28.375673,0
                -53.90949,-28.379606,0
                -53.902241,-28.379519,0
                -53.902303,-28.375544,0
                -53.9093979,-28.3756741,0
                -53.9093981,-28.3756698,0
                -53.90953,-28.375673,0
              </coordinates>
            </LinearRing>
          </innerBoundaryIs>
        </Polygon>
      </Placemark>
      <Placemark>
        <name>ZC2 + ZR3 + ZI1</name>
        <description><![CDATA[Zona Comercial 2 + Zona Residencial 3 + Zona Industrial 1<br><br>EMPREENDEDORES<br>Antes de abrir seu empreendimento verifique as atividades permitidas no zoneamento (alvarás e licenças).<br>CONSTRUÇÕES<br>Verifique os parâmetros urbanísticos para edificações.<br><br>Acesse neste link o regime urbanístico (Anexo 1) e a lista de atividades permitidas no zoneamento (Anexo 3)<br>https://drive.google.com/file/d/1oRPJhnkInDqgu7KWmKXnNr1rbkjEIcyL/view?usp=sharing<br><br><br>*Este mapa é ilustrativo, em caso de dúvidas contatar a Secretaria Municipal de Planejamento (55) 3331-8200.]]></description>
        <styleUrl>#poly-000000-1-77</styleUrl>
        <Polygon>
          <outerBoundaryIs>
            <LinearRing>
              <tessellate>1</tessellate>
              <coordinates>
                -53.895929,-28.392985,0
                -53.90138,-28.393014,0
                -53.901419,-28.389088,0
                -53.893052,-28.389064,0
                -53.8928473,-28.3888864,0
                -53.9016959,-28.3889454,0
                -53.9016248,-28.3933767,0
                -53.8961133,-28.3932647,0
                -53.895929,-28.392985,0
              </coordinates>
            </LinearRing>
          </outerBoundaryIs>
        </Polygon>
      </Placemark>
      <Placemark>
        <name>ZC1 + ZR3</name>
        <description><![CDATA[Zona Comercial 1 (ZC1) + Zona Residencial 3 (ZR3)<br><br>EMPREENDEDORES<br>Antes de abrir seu empreendimento verifique as atividades permitidas no zoneamento (alvarás e licenças).<br>CONSTRUÇÕES<br>Verifique os parâmetros urbanísticos para edificações.<br><br>Acesse neste link o regime urbanístico (Anexo 1) e a lista de atividades permitidas no zoneamento (Anexo 3)<br>https://drive.google.com/file/d/1oRPJhnkInDqgu7KWmKXnNr1rbkjEIcyL/view?usp=sharing<br><br><br>*Este mapa é ilustrativo, em caso de dúvidas contatar a Secretaria Municipal de Planejamento (55) 3331-8200.]]></description>
        <styleUrl>#poly-3949AB-1-77</styleUrl>
        <Polygon>
          <outerBoundaryIs>
            <LinearRing>
              <tessellate>1</tessellate>
              <coordinates>
                -53.9372052,-28.3758976,0
                -53.9371636,-28.377084,0
                -53.9336466,-28.376995,0
                -53.9335466,-28.380115,0
                -53.9341136,-28.380127,0
                -53.934143,-28.381364,0
                -53.9334516,-28.381362,0
                -53.9334666,-28.383597,0
                -53.9339396,-28.384284,0
                -53.933819,-28.388454,0
                -53.9350396,-28.388502,0
                -53.9350559,-28.3881839,0
                -53.9400056,-28.388247,0
                -53.9401096,-28.388352,0
                -53.9412796,-28.388367,0
                -53.941883,-28.3778634,0
                -53.942573,-28.377879,0
                -53.942283,-28.389229,0
                -53.93266,-28.38903,0
                -53.933094,-28.375815,0
                -53.9372052,-28.3758976,0
              </coordinates>
            </LinearRing>
          </outerBoundaryIs>
        </Polygon>
      </Placemark>
      <Placemark>
        <name>ZC2 + ZR3 + ZI1</name>
        <description><![CDATA[Zona Comercial 2 + Zona Residencial 3 + Zona Industrial 1<br><br>EMPREENDEDORES<br>Antes de abrir seu empreendimento verifique as atividades permitidas no zoneamento (alvarás e licenças).<br>CONSTRUÇÕES<br>Verifique os parâmetros urbanísticos para edificações.<br><br>Acesse neste link o regime urbanístico (Anexo 1) e a lista de atividades permitidas no zoneamento (Anexo 3)<br>https://drive.google.com/file/d/1oRPJhnkInDqgu7KWmKXnNr1rbkjEIcyL/view?usp=sharing<br><br><br>*Este mapa é ilustrativo, em caso de dúvidas contatar a Secretaria Municipal de Planejamento (55) 3331-8200.]]></description>
        <styleUrl>#poly-000000-1-77</styleUrl>
        <Polygon>
          <outerBoundaryIs>
            <LinearRing>
              <tessellate>1</tessellate>
              <coordinates>
                -53.9056307,-28.3889649,0
                -53.9068056,-28.3889938,0
                -53.9067305,-28.3933921,0
                -53.9016799,-28.3933685,0
                -53.9017577,-28.3889467,0
                -53.9056308,-28.388962,0
                -53.9056307,-28.3889649,0
              </coordinates>
            </LinearRing>
          </outerBoundaryIs>
          <innerBoundaryIs>
            <LinearRing>
              <tessellate>1</tessellate>
              <coordinates>
                -53.9056268,-28.3891439,0
                -53.9055718,-28.3891437,0
                -53.9055597,-28.3889632,0
                -53.9056307,-28.3889649,0
                -53.9056268,-28.3891439,0
              </coordinates>
            </LinearRing>
          </innerBoundaryIs>
          <innerBoundaryIs>
            <LinearRing>
              <tessellate>1</tessellate>
              <coordinates>
                -53.9065563,-28.389148,0
                -53.9064943,-28.393072,0
                -53.9020533,-28.393017,0
                -53.9020953,-28.389133,0
                -53.9056268,-28.389146,0
                -53.9056268,-28.3891439,0
                -53.9065563,-28.389148,0
              </coordinates>
            </LinearRing>
          </innerBoundaryIs>
        </Polygon>
      </Placemark>
      <Placemark>
        <name>ZC1 + ZR3</name>
        <description><![CDATA[Zona Comercial 1 (ZC1) + Zona Residencial 3 (ZR3)<br><br>EMPREENDEDORES<br>Antes de abrir seu empreendimento verifique as atividades permitidas no zoneamento (alvarás e licenças).<br>CONSTRUÇÕES<br>Verifique os parâmetros urbanísticos para edificações.<br><br>Acesse neste link o regime urbanístico (Anexo 1) e a lista de atividades permitidas no zoneamento (Anexo 3)<br>https://drive.google.com/file/d/1oRPJhnkInDqgu7KWmKXnNr1rbkjEIcyL/view?usp=sharing<br><br><br>*Este mapa é ilustrativo, em caso de dúvidas contatar a Secretaria Municipal de Planejamento (55) 3331-8200.]]></description>
        <styleUrl>#poly-3949AB-1-77</styleUrl>
        <Polygon>
          <outerBoundaryIs>
            <LinearRing>
              <tessellate>1</tessellate>
              <coordinates>
                -53.909682,-28.371108,0
                -53.909624,-28.3751,0
                -53.903305,-28.375008,0
                -53.903311,-28.37447,0
                -53.90853,-28.374511,0
                -53.90855,-28.371422,0
                -53.908663,-28.371411,0
                -53.908663,-28.371106,0
                -53.909682,-28.371108,0
              </coordinates>
            </LinearRing>
          </outerBoundaryIs>
        </Polygon>
      </Placemark>
      <Placemark>
        <name>ZC2 + ZR3 + ZI1</name>
        <description><![CDATA[Zona Comercial 2 + Zona Residencial 3 + Zona Industrial 1<br><br>EMPREENDEDORES<br>Antes de abrir seu empreendimento verifique as atividades permitidas no zoneamento (alvarás e licenças).<br>CONSTRUÇÕES<br>Verifique os parâmetros urbanísticos para edificações.<br><br>Acesse neste link o regime urbanístico (Anexo 1) e a lista de atividades permitidas no zoneamento (Anexo 3)<br>https://drive.google.com/file/d/1oRPJhnkInDqgu7KWmKXnNr1rbkjEIcyL/view?usp=sharing<br><br><br>*Este mapa é ilustrativo, em caso de dúvidas contatar a Secretaria Municipal de Planejamento (55) 3331-8200.]]></description>
        <styleUrl>#poly-000000-1-77</styleUrl>
        <Polygon>
          <outerBoundaryIs>
            <LinearRing>
              <tessellate>1</tessellate>
              <coordinates>
                -53.9105758,-28.3935763,0
                -53.9105759,-28.3935741,0
                -53.9118767,-28.3936119,0
                -53.9118473,-28.3950371,0
                -53.9114731,-28.3958063,0
                -53.9112062,-28.3965471,0
                -53.9106832,-28.3980477,0
                -53.9066434,-28.3980181,0
                -53.906743,-28.3934538,0
                -53.9105758,-28.3935763,0
              </coordinates>
            </LinearRing>
          </outerBoundaryIs>
          <innerBoundaryIs>
            <LinearRing>
              <tessellate>1</tessellate>
              <coordinates>
                -53.9106564,-28.3935789,0
                -53.9106494,-28.39375,0
                -53.9105706,-28.3937487,0
                -53.9105758,-28.3935763,0
                -53.9106564,-28.3935789,0
              </coordinates>
            </LinearRing>
          </innerBoundaryIs>
          <innerBoundaryIs>
            <LinearRing>
              <tessellate>1</tessellate>
              <coordinates>
                -53.9115534,-28.3937651,0
                -53.9115519,-28.3948713,0
                -53.9112327,-28.3955909,0
                -53.9109904,-28.3962771,0
                -53.9108438,-28.396766,0
                -53.9105404,-28.3977711,0
                -53.9069814,-28.3977251,0
                -53.9070494,-28.3937101,0
                -53.9106493,-28.3937529,0
                -53.9106494,-28.39375,0
                -53.9115534,-28.3937651,0
              </coordinates>
            </LinearRing>
          </innerBoundaryIs>
        </Polygon>
      </Placemark>
      <Placemark>
        <name>ZC2 + ZR3 + ZI1</name>
        <description><![CDATA[Zona Comercial 2 + Zona Residencial 3 + Zona Industrial 1<br><br>EMPREENDEDORES<br>Antes de abrir seu empreendimento verifique as atividades permitidas no zoneamento (alvarás e licenças).<br>CONSTRUÇÕES<br>Verifique os parâmetros urbanísticos para edificações.<br><br>Acesse neste link o regime urbanístico (Anexo 1) e a lista de atividades permitidas no zoneamento (Anexo 3)<br>https://drive.google.com/file/d/1oRPJhnkInDqgu7KWmKXnNr1rbkjEIcyL/view?usp=sharing<br><br><br>*Este mapa é ilustrativo, em caso de dúvidas contatar a Secretaria Municipal de Planejamento (55) 3331-8200.]]></description>
        <styleUrl>#poly-000000-1-77</styleUrl>
        <Polygon>
          <outerBoundaryIs>
            <LinearRing>
              <tessellate>1</tessellate>
              <coordinates>
                -53.9045603,-28.3934245,0
                -53.9045607,-28.3934199,0
                -53.9055451,-28.3934364,0
                -53.9067682,-28.3934718,0
                -53.9066555,-28.3980681,0
                -53.9060923,-28.3980091,0
                -53.9058938,-28.3979973,0
                -53.9056309,-28.3980115,0
                -53.9053547,-28.3980233,0
                -53.902254,-28.3979643,0
                -53.9016747,-28.3979265,0
                -53.9016317,-28.3972281,0
                -53.9016183,-28.396551,0
                -53.90168,-28.3934199,0
                -53.9045603,-28.3934245,0
              </coordinates>
            </LinearRing>
          </outerBoundaryIs>
          <innerBoundaryIs>
            <LinearRing>
              <tessellate>1</tessellate>
              <coordinates>
                -53.9046197,-28.3934246,0
                -53.9046144,-28.3936854,0
                -53.9045366,-28.3936842,0
                -53.9045603,-28.3934245,0
                -53.9046197,-28.3934246,0
              </coordinates>
            </LinearRing>
          </innerBoundaryIs>
          <innerBoundaryIs>
            <LinearRing>
              <tessellate>1</tessellate>
              <coordinates>
                -53.906464,-28.393713,0
                -53.906405,-28.397706,0
                -53.901982,-28.397617,0
                -53.902,-28.393647,0
                -53.9046144,-28.3936865,0
                -53.9046144,-28.3936854,0
                -53.906464,-28.393713,0
              </coordinates>
            </LinearRing>
          </innerBoundaryIs>
        </Polygon>
      </Placemark>
      <Placemark>
        <name>ZC2 + ZR3 + ZI1</name>
        <description><![CDATA[Zona Comercial 2 + Zona Residencial 3 + Zona Industrial 1<br><br>EMPREENDEDORES<br>Antes de abrir seu empreendimento verifique as atividades permitidas no zoneamento (alvarás e licenças).<br>CONSTRUÇÕES<br>Verifique os parâmetros urbanísticos para edificações.<br><br>Acesse neste link o regime urbanístico (Anexo 1) e a lista de atividades permitidas no zoneamento (Anexo 3)<br>https://drive.google.com/file/d/1oRPJhnkInDqgu7KWmKXnNr1rbkjEIcyL/view?usp=sharing<br><br><br>*Este mapa é ilustrativo, em caso de dúvidas contatar a Secretaria Municipal de Planejamento (55) 3331-8200.]]></description>
        <styleUrl>#poly-000000-1-77</styleUrl>
        <Polygon>
          <outerBoundaryIs>
            <LinearRing>
              <tessellate>1</tessellate>
              <coordinates>
                -53.896262,-28.393594,0
                -53.8961275,-28.3933262,0
                -53.9016234,-28.3934276,0
                -53.9015858,-28.3956031,0
                -53.9015885,-28.3960113,0
                -53.901558,-28.396657,0
                -53.9015456,-28.3969409,0
                -53.9015805,-28.3978682,0
                -53.9016127,-28.3980404,0
                -53.9021464,-28.3980239,0
                -53.9050057,-28.3980758,0
                -53.9054965,-28.3980806,0
                -53.9059257,-28.398057,0
                -53.9064299,-28.3981018,0
                -53.9068671,-28.3981065,0
                -53.9097585,-28.3981348,0
                -53.9106973,-28.3981254,0
                -53.9107188,-28.3982339,0
                -53.9104076,-28.3991777,0
                -53.9096995,-28.4005273,0
                -53.9089324,-28.4017683,0
                -53.90828,-28.40249,0
                -53.90733,-28.403142,0
                -53.9062341,-28.4038115,0
                -53.9047374,-28.4046939,0
                -53.9038094,-28.4051799,0
                -53.9030637,-28.4056234,0
                -53.902563,-28.406084,0
                -53.901848,-28.406697,0
                -53.901581,-28.406948,0
                -53.9013248,-28.4071788,0
                -53.900959,-28.4074072,0
                -53.900554,-28.406784,0
                -53.9013923,-28.4066445,0
                -53.9020713,-28.4062416,0
                -53.9026721,-28.4057414,0
                -53.903171,-28.4052695,0
                -53.9036646,-28.4050006,0
                -53.905766,-28.403831,0
                -53.907425,-28.4027639,0
                -53.9078923,-28.4024443,0
                -53.9082136,-28.4021316,0
                -53.9084711,-28.4018768,0
                -53.908927,-28.4012398,0
                -53.9093133,-28.4006783,0
                -53.9097746,-28.3998053,0
                -53.909998,-28.399397,0
                -53.9101448,-28.3989937,0
                -53.910341,-28.398369,0
                -53.907044,-28.398326,0
                -53.9061697,-28.3982905,0
                -53.901283,-28.398169,0
                -53.901349,-28.393602,0
                -53.896262,-28.393594,0
              </coordinates>
            </LinearRing>
          </outerBoundaryIs>
        </Polygon>
      </Placemark>
      <Placemark>
        <name>ZC2 + ZR3 + ZI1</name>
        <description><![CDATA[Zona Comercial 2 + Zona Residencial 3 + Zona Industrial 1<br><br>EMPREENDEDORES<br>Antes de abrir seu empreendimento verifique as atividades permitidas no zoneamento (alvarás e licenças).<br>CONSTRUÇÕES<br>Verifique os parâmetros urbanísticos para edificações.<br><br>Acesse neste link o regime urbanístico (Anexo 1) e a lista de atividades permitidas no zoneamento (Anexo 3)<br>https://drive.google.com/file/d/1oRPJhnkInDqgu7KWmKXnNr1rbkjEIcyL/view?usp=sharing<br><br><br>*Este mapa é ilustrativo, em caso de dúvidas contatar a Secretaria Municipal de Planejamento (55) 3331-8200.]]></description>
        <styleUrl>#poly-000000-1-77</styleUrl>
        <Polygon>
          <outerBoundaryIs>
            <LinearRing>
              <tessellate>1</tessellate>
              <coordinates>
                -53.9014923,-28.4080786,0
                -53.9011534,-28.4078138,0
                -53.9016694,-28.4071508,0
                -53.9023987,-28.4064807,0
                -53.9031711,-28.4057918,0
                -53.9041046,-28.4052161,0
                -53.9053574,-28.4044838,0
                -53.9070443,-28.4035269,0
                -53.9079455,-28.402904,0
                -53.9088279,-28.4020876,0
                -53.9098016,-28.4005352,0
                -53.9105097,-28.3990724,0
                -53.9106491,-28.3986005,0
                -53.9107354,-28.3982448,0
                -53.9107994,-28.3982088,0
                -53.9216516,-28.3984046,0
                -53.9215928,-28.4039547,0
                -53.9215836,-28.4056408,0
                -53.9213579,-28.4056219,0
                -53.9213731,-28.4039766,0
                -53.9213694,-28.4036858,0
                -53.9213994,-28.3985868,0
                -53.9183024,-28.3985788,0
                -53.9176334,-28.3985828,0
                -53.9158074,-28.3985288,0
                -53.9151432,-28.3985191,0
                -53.9109604,-28.3984748,0
                -53.9105687,-28.399418,0
                -53.9105258,-28.399536,0
                -53.9103461,-28.3998899,0
                -53.9102146,-28.4001624,0
                -53.9099638,-28.4006024,0
                -53.9097439,-28.4009858,0
                -53.9095025,-28.4014023,0
                -53.9094435,-28.4015143,0
                -53.9093107,-28.4017326,0
                -53.9090358,-28.4021183,0
                -53.9088554,-28.4023758,0
                -53.9084538,-28.4027848,0
                -53.9082515,-28.4030015,0
                -53.9073956,-28.403613,0
                -53.9070671,-28.4038111,0
                -53.9059915,-28.4044446,0
                -53.9049267,-28.4050698,0
                -53.9040362,-28.4055535,0
                -53.9035308,-28.4058326,0
                -53.902455,-28.4067756,0
                -53.9023209,-28.4069266,0
                -53.9021023,-28.4071802,0
                -53.9018034,-28.4075219,0
                -53.9014923,-28.4080786,0
              </coordinates>
            </LinearRing>
          </outerBoundaryIs>
        </Polygon>
      </Placemark>
      <Placemark>
        <name>ZC1 + ZR3</name>
        <description><![CDATA[Zona Comercial 1 (ZC1) + Zona Residencial 3 (ZR3)<br><br>EMPREENDEDORES<br>Antes de abrir seu empreendimento verifique as atividades permitidas no zoneamento (alvarás e licenças).<br>CONSTRUÇÕES<br>Verifique os parâmetros urbanísticos para edificações.<br><br>Acesse neste link o regime urbanístico (Anexo 1) e a lista de atividades permitidas no zoneamento (Anexo 3)<br>https://drive.google.com/file/d/1oRPJhnkInDqgu7KWmKXnNr1rbkjEIcyL/view?usp=sharing<br><br><br>*Este mapa é ilustrativo, em caso de dúvidas contatar a Secretaria Municipal de Planejamento (55) 3331-8200.]]></description>
        <styleUrl>#poly-3949AB-1-77</styleUrl>
        <Polygon>
          <outerBoundaryIs>
            <LinearRing>
              <tessellate>1</tessellate>
              <coordinates>
                -53.8936911,-28.390009,0
                -53.8930466,-28.389064,0
                -53.9014136,-28.389088,0
                -53.9013746,-28.393014,0
                -53.8959236,-28.392985,0
                -53.8952116,-28.392081,0
                -53.9004376,-28.391829,0
                -53.9005096,-28.389864,0
                -53.8936911,-28.390009,0
              </coordinates>
            </LinearRing>
          </outerBoundaryIs>
        </Polygon>
      </Placemark>
      <Placemark>
        <name>ZC2 + ZR3 + ZI1</name>
        <description><![CDATA[Zona Comercial 2 + Zona Residencial 3 + Zona Industrial 1<br><br>EMPREENDEDORES<br>Antes de abrir seu empreendimento verifique as atividades permitidas no zoneamento (alvarás e licenças).<br>CONSTRUÇÕES<br>Verifique os parâmetros urbanísticos para edificações.<br><br>Acesse neste link o regime urbanístico (Anexo 1) e a lista de atividades permitidas no zoneamento (Anexo 3)<br>https://drive.google.com/file/d/1oRPJhnkInDqgu7KWmKXnNr1rbkjEIcyL/view?usp=sharing<br><br><br>*Este mapa é ilustrativo, em caso de dúvidas contatar a Secretaria Municipal de Planejamento (55) 3331-8200.]]></description>
        <styleUrl>#poly-000000-1-77</styleUrl>
        <Polygon>
          <outerBoundaryIs>
            <LinearRing>
              <tessellate>1</tessellate>
              <coordinates>
                -53.922183,-28.398316,0
                -53.9219763,-28.417011,0
                -53.9217034,-28.417088,0
                -53.921924,-28.39831,0
                -53.922183,-28.398316,0
              </coordinates>
            </LinearRing>
          </outerBoundaryIs>
        </Polygon>
      </Placemark>
      <Placemark>
        <name>ZC1 + ZR3</name>
        <description><![CDATA[Zona Comercial 1 (ZC1) + Zona Residencial 3 (ZR3)<br><br>EMPREENDEDORES<br>Antes de abrir seu empreendimento verifique as atividades permitidas no zoneamento (alvarás e licenças).<br>CONSTRUÇÕES<br>Verifique os parâmetros urbanísticos para edificações.<br><br>Acesse neste link o regime urbanístico (Anexo 1) e a lista de atividades permitidas no zoneamento (Anexo 3)<br>https://drive.google.com/file/d/1oRPJhnkInDqgu7KWmKXnNr1rbkjEIcyL/view?usp=sharing<br><br><br>*Este mapa é ilustrativo, em caso de dúvidas contatar a Secretaria Municipal de Planejamento (55) 3331-8200.]]></description>
        <styleUrl>#poly-3949AB-1-77</styleUrl>
        <Polygon>
          <outerBoundaryIs>
            <LinearRing>
              <tessellate>1</tessellate>
              <coordinates>
                -53.909461,-28.380167,0
                -53.909379,-28.388595,0
                -53.90213,-28.388528,0
                -53.902236,-28.380087,0
                -53.909461,-28.380167,0
              </coordinates>
            </LinearRing>
          </outerBoundaryIs>
          <innerBoundaryIs>
            <LinearRing>
              <tessellate>1</tessellate>
              <coordinates>
                -53.903206,-28.38138,0
                -53.903741,-28.3814,0
                -53.903814,-28.381344,0
                -53.906416,-28.381419,0
                -53.906534,-28.381535,0
                -53.908412,-28.381553,0
                -53.908411,-28.381604,0
                -53.9084107,-28.3833245,0
                -53.904505,-28.383346,0
                -53.903227,-28.383301,0
                -53.903206,-28.38138,0
              </coordinates>
            </LinearRing>
          </innerBoundaryIs>
        </Polygon>
      </Placemark>
      <Placemark>
        <name>ZC1 + ZR3</name>
        <description><![CDATA[Zona Comercial 1 (ZC1) + Zona Residencial 3 (ZR3)<br><br>EMPREENDEDORES<br>Antes de abrir seu empreendimento verifique as atividades permitidas no zoneamento (alvarás e licenças).<br>CONSTRUÇÕES<br>Verifique os parâmetros urbanísticos para edificações.<br><br>Acesse neste link o regime urbanístico (Anexo 1) e a lista de atividades permitidas no zoneamento (Anexo 3)<br>https://drive.google.com/file/d/1oRPJhnkInDqgu7KWmKXnNr1rbkjEIcyL/view?usp=sharing<br><br><br>*Este mapa é ilustrativo, em caso de dúvidas contatar a Secretaria Municipal de Planejamento (55) 3331-8200.]]></description>
        <styleUrl>#poly-3949AB-2-77</styleUrl>
        <Polygon>
          <outerBoundaryIs>
            <LinearRing>
              <tessellate>1</tessellate>
              <coordinates>
                -53.9155786,-28.3802225,0
                -53.9155686,-28.3842905,0
                -53.9125376,-28.3842615,0
                -53.9125566,-28.3801975,0
                -53.9155786,-28.3802225,0
              </coordinates>
            </LinearRing>
          </outerBoundaryIs>
          <innerBoundaryIs>
            <LinearRing>
              <tessellate>1</tessellate>
              <coordinates>
                -53.9135586,-28.383327,0
                -53.9136576,-28.38147,0
                -53.9145336,-28.381451,0
                -53.9144716,-28.383307,0
                -53.9135586,-28.383327,0
              </coordinates>
            </LinearRing>
          </innerBoundaryIs>
        </Polygon>
      </Placemark>
      <Placemark>
        <name>ZC1 + ZR3</name>
        <description><![CDATA[Zona Comercial 1 (ZC1) + Zona Residencial 3 (ZR3)<br><br>EMPREENDEDORES<br>Antes de abrir seu empreendimento verifique as atividades permitidas no zoneamento (alvarás e licenças).<br>CONSTRUÇÕES<br>Verifique os parâmetros urbanísticos para edificações.<br><br>Acesse neste link o regime urbanístico (Anexo 1) e a lista de atividades permitidas no zoneamento (Anexo 3)<br>https://drive.google.com/file/d/1oRPJhnkInDqgu7KWmKXnNr1rbkjEIcyL/view?usp=sharing<br><br><br>*Este mapa é ilustrativo, em caso de dúvidas contatar a Secretaria Municipal de Planejamento (55) 3331-8200.]]></description>
        <styleUrl>#poly-3949AB-1-77</styleUrl>
        <Polygon>
          <outerBoundaryIs>
            <LinearRing>
              <tessellate>1</tessellate>
              <coordinates>
                -53.902303,-28.375544,0
                -53.90953,-28.375673,0
                -53.9095595,-28.3795923,0
                -53.902241,-28.379519,0
                -53.902303,-28.375544,0
              </coordinates>
            </LinearRing>
          </outerBoundaryIs>
          <innerBoundaryIs>
            <LinearRing>
              <tessellate>1</tessellate>
              <coordinates>
                -53.908432,-28.378531,0
                -53.90333,-28.378521,0
                -53.903281,-28.37645,0
                -53.908448,-28.376657,0
                -53.908432,-28.378531,0
              </coordinates>
            </LinearRing>
          </innerBoundaryIs>
        </Polygon>
      </Placemark>
      <Placemark>
        <name>ZC1 + ZR3</name>
        <description><![CDATA[Zona Comercial 1 (ZC1) + Zona Residencial 3 (ZR3)<br><br>EMPREENDEDORES<br>Antes de abrir seu empreendimento verifique as atividades permitidas no zoneamento (alvarás e licenças).<br>CONSTRUÇÕES<br>Verifique os parâmetros urbanísticos para edificações.<br><br>Acesse neste link o regime urbanístico (Anexo 1) e a lista de atividades permitidas no zoneamento (Anexo 3)<br>https://drive.google.com/file/d/1oRPJhnkInDqgu7KWmKXnNr1rbkjEIcyL/view?usp=sharing<br><br><br>*Este mapa é ilustrativo, em caso de dúvidas contatar a Secretaria Municipal de Planejamento (55) 3331-8200.]]></description>
        <styleUrl>#poly-3949AB-1-77</styleUrl>
        <Polygon>
          <outerBoundaryIs>
            <LinearRing>
              <tessellate>1</tessellate>
              <coordinates>
                -53.9215984,-28.3939363,0
                -53.921539,-28.39794,0
                -53.91843,-28.397937,0
                -53.918503,-28.39389,0
                -53.9215984,-28.3939363,0
              </coordinates>
            </LinearRing>
          </outerBoundaryIs>
          <innerBoundaryIs>
            <LinearRing>
              <tessellate>1</tessellate>
              <coordinates>
                -53.919462,-28.396739,0
                -53.919561,-28.394862,0
                -53.920447,-28.394917,0
                -53.920422,-28.396746,0
                -53.919462,-28.396739,0
              </coordinates>
            </LinearRing>
          </innerBoundaryIs>
        </Polygon>
      </Placemark>
      <Placemark>
        <name>ZC1 + ZR3</name>
        <description><![CDATA[Zona Comercial 1 (ZC1) + Zona Residencial 3 (ZR3)<br><br>EMPREENDEDORES<br>Antes de abrir seu empreendimento verifique as atividades permitidas no zoneamento (alvarás e licenças).<br>CONSTRUÇÕES<br>Verifique os parâmetros urbanísticos para edificações.<br><br>Acesse neste link o regime urbanístico (Anexo 1) e a lista de atividades permitidas no zoneamento (Anexo 3)<br>https://drive.google.com/file/d/1oRPJhnkInDqgu7KWmKXnNr1rbkjEIcyL/view?usp=sharing<br><br><br>*Este mapa é ilustrativo, em caso de dúvidas contatar a Secretaria Municipal de Planejamento (55) 3331-8200.]]></description>
        <styleUrl>#poly-3949AB-1-77</styleUrl>
        <Polygon>
          <outerBoundaryIs>
            <LinearRing>
              <tessellate>1</tessellate>
              <coordinates>
                -53.907146,-28.3937243,0
                -53.91165,-28.3937793,0
                -53.911643,-28.3949003,0
                -53.9113293,-28.3956051,0
                -53.9111382,-28.3961672,0
                -53.9110007,-28.3965878,0
                -53.910637,-28.3977853,0
                -53.907078,-28.3977393,0
                -53.907146,-28.3937243,0
              </coordinates>
            </LinearRing>
          </outerBoundaryIs>
          <innerBoundaryIs>
            <LinearRing>
              <tessellate>1</tessellate>
              <coordinates>
                -53.910573,-28.3965443,0
                -53.908453,-28.3965073,0
                -53.90845,-28.3946933,0
                -53.9106788,-28.3946813,0
                -53.910573,-28.3965443,0
              </coordinates>
            </LinearRing>
          </innerBoundaryIs>
        </Polygon>
      </Placemark>
      <Placemark>
        <name>ZC1 + ZR3</name>
        <description><![CDATA[Zona Comercial 1 (ZC1) + Zona Residencial 3 (ZR3)<br><br>EMPREENDEDORES<br>Antes de abrir seu empreendimento verifique as atividades permitidas no zoneamento (alvarás e licenças).<br>CONSTRUÇÕES<br>Verifique os parâmetros urbanísticos para edificações.<br><br>Acesse neste link o regime urbanístico (Anexo 1) e a lista de atividades permitidas no zoneamento (Anexo 3)<br>https://drive.google.com/file/d/1oRPJhnkInDqgu7KWmKXnNr1rbkjEIcyL/view?usp=sharing<br><br><br>*Este mapa é ilustrativo, em caso de dúvidas contatar a Secretaria Municipal de Planejamento (55) 3331-8200.]]></description>
        <styleUrl>#poly-3949AB-1-77</styleUrl>
        <Polygon>
          <outerBoundaryIs>
            <LinearRing>
              <tessellate>1</tessellate>
              <coordinates>
                -53.902,-28.393647,0
                -53.906464,-28.393713,0
                -53.906405,-28.397706,0
                -53.901982,-28.397617,0
                -53.902,-28.393647,0
              </coordinates>
            </LinearRing>
          </outerBoundaryIs>
          <innerBoundaryIs>
            <LinearRing>
              <tessellate>1</tessellate>
              <coordinates>
                -53.905406,-28.396485,0
                -53.903089,-28.396477,0
                -53.903157,-28.394573,0
                -53.905356,-28.394641,0
                -53.905406,-28.396485,0
              </coordinates>
            </LinearRing>
          </innerBoundaryIs>
        </Polygon>
      </Placemark>
      <Placemark>
        <name>ZC1 + ZR3</name>
        <description><![CDATA[Zona Comercial 1 (ZC1) + Zona Residencial 3 (ZR3)<br><br>EMPREENDEDORES<br>Antes de abrir seu empreendimento verifique as atividades permitidas no zoneamento (alvarás e licenças).<br>CONSTRUÇÕES<br>Verifique os parâmetros urbanísticos para edificações.<br><br>Acesse neste link o regime urbanístico (Anexo 1) e a lista de atividades permitidas no zoneamento (Anexo 3)<br>https://drive.google.com/file/d/1oRPJhnkInDqgu7KWmKXnNr1rbkjEIcyL/view?usp=sharing<br><br><br>*Este mapa é ilustrativo, em caso de dúvidas contatar a Secretaria Municipal de Planejamento (55) 3331-8200.]]></description>
        <styleUrl>#poly-3949AB-1-77</styleUrl>
        <Polygon>
          <outerBoundaryIs>
            <LinearRing>
              <tessellate>1</tessellate>
              <coordinates>
                -53.9274901,-28.394039,0
                -53.9293244,-28.3940551,0
                -53.9292998,-28.3962427,0
                -53.9292434,-28.3968691,0
                -53.9291584,-28.3972001,0
                -53.9287104,-28.3979881,0
                -53.9277208,-28.3984135,0
                -53.9276028,-28.3984465,0
                -53.9272384,-28.3984681,0
                -53.9268786,-28.398404,0
                -53.9261964,-28.3982111,0
                -53.9255344,-28.3980881,0
                -53.9221984,-28.3979991,0
                -53.9222424,-28.3939741,0
                -53.9274901,-28.394039,0
              </coordinates>
            </LinearRing>
          </outerBoundaryIs>
          <innerBoundaryIs>
            <LinearRing>
              <tessellate>1</tessellate>
              <coordinates>
                -53.9282804,-28.3965791,0
                -53.9278134,-28.3969181,0
                -53.923263,-28.3968326,0
                -53.9232994,-28.3949641,0
                -53.9260504,-28.3951641,0
                -53.9267604,-28.3945881,0
                -53.9275169,-28.3945817,0
                -53.9283094,-28.3945951,0
                -53.9282804,-28.3965791,0
              </coordinates>
            </LinearRing>
          </innerBoundaryIs>
        </Polygon>
      </Placemark>
      <Placemark>
        <name>ZC1 + ZR3</name>
        <description><![CDATA[Zona Comercial 1 (ZC1) + Zona Residencial 3 (ZR3)<br><br>EMPREENDEDORES<br>Antes de abrir seu empreendimento verifique as atividades permitidas no zoneamento (alvarás e licenças).<br>CONSTRUÇÕES<br>Verifique os parâmetros urbanísticos para edificações.<br><br>Acesse neste link o regime urbanístico (Anexo 1) e a lista de atividades permitidas no zoneamento (Anexo 3)<br>https://drive.google.com/file/d/1oRPJhnkInDqgu7KWmKXnNr1rbkjEIcyL/view?usp=sharing<br><br><br>*Este mapa é ilustrativo, em caso de dúvidas contatar a Secretaria Municipal de Planejamento (55) 3331-8200.]]></description>
        <styleUrl>#poly-3949AB-1-77</styleUrl>
        <Polygon>
          <outerBoundaryIs>
            <LinearRing>
              <tessellate>1</tessellate>
              <coordinates>
                -53.902106,-28.389133,0
                -53.906567,-28.389148,0
                -53.906505,-28.393072,0
                -53.902064,-28.393017,0
                -53.902106,-28.389133,0
              </coordinates>
            </LinearRing>
          </outerBoundaryIs>
          <innerBoundaryIs>
            <LinearRing>
              <tessellate>1</tessellate>
              <coordinates>
                -53.90539,-28.391929,0
                -53.903156,-28.391917,0
                -53.90322,-28.390039,0
                -53.905425,-28.390087,0
                -53.90539,-28.391929,0
              </coordinates>
            </LinearRing>
          </innerBoundaryIs>
        </Polygon>
      </Placemark>
      <Placemark>
        <name>ZC1 + ZR3</name>
        <description><![CDATA[Zona Comercial 1 (ZC1) + Zona Residencial 3 (ZR3)<br><br>EMPREENDEDORES<br>Antes de abrir seu empreendimento verifique as atividades permitidas no zoneamento (alvarás e licenças).<br>CONSTRUÇÕES<br>Verifique os parâmetros urbanísticos para edificações.<br><br>Acesse neste link o regime urbanístico (Anexo 1) e a lista de atividades permitidas no zoneamento (Anexo 3)<br>https://drive.google.com/file/d/1oRPJhnkInDqgu7KWmKXnNr1rbkjEIcyL/view?usp=sharing<br><br><br>*Este mapa é ilustrativo, em caso de dúvidas contatar a Secretaria Municipal de Planejamento (55) 3331-8200.]]></description>
        <styleUrl>#poly-3949AB-1-77</styleUrl>
        <Polygon>
          <outerBoundaryIs>
            <LinearRing>
              <tessellate>1</tessellate>
              <coordinates>
                -53.911243,-28.397814,0
                -53.9118697,-28.3960356,0
                -53.912268,-28.395137,0
                -53.912282,-28.393773,0
                -53.915401,-28.393797,0
                -53.91527,-28.397861,0
                -53.911243,-28.397814,0
              </coordinates>
            </LinearRing>
          </outerBoundaryIs>
          <innerBoundaryIs>
            <LinearRing>
              <tessellate>1</tessellate>
              <coordinates>
                -53.913279,-28.396695,0
                -53.9135718,-28.3970727,0
                -53.9133332,-28.3968354,0
                -53.913279,-28.396695,0
              </coordinates>
            </LinearRing>
          </innerBoundaryIs>
        </Polygon>
      </Placemark>
      <Placemark>
        <name>ZC1 + ZR3</name>
        <description><![CDATA[Zona Comercial 1 (ZC1) + Zona Residencial 3 (ZR3)<br><br>EMPREENDEDORES<br>Antes de abrir seu empreendimento verifique as atividades permitidas no zoneamento (alvarás e licenças).<br>CONSTRUÇÕES<br>Verifique os parâmetros urbanísticos para edificações.<br><br>Acesse neste link o regime urbanístico (Anexo 1) e a lista de atividades permitidas no zoneamento (Anexo 3)<br>https://drive.google.com/file/d/1oRPJhnkInDqgu7KWmKXnNr1rbkjEIcyL/view?usp=sharing<br><br><br>*Este mapa é ilustrativo, em caso de dúvidas contatar a Secretaria Municipal de Planejamento (55) 3331-8200.]]></description>
        <styleUrl>#poly-3949AB-1-77</styleUrl>
        <MultiGeometry>
          <Polygon>
            <outerBoundaryIs>
              <LinearRing>
                <tessellate>1</tessellate>
                <coordinates>
                  -53.9127302,-28.371187,0
                  -53.9127305,-28.3711705,0
                  -53.9127519,-28.3711873,0
                  -53.9127302,-28.371187,0
                </coordinates>
              </LinearRing>
            </outerBoundaryIs>
          </Polygon>
          <Polygon>
            <outerBoundaryIs>
              <LinearRing>
                <tessellate>1</tessellate>
                <coordinates>
                  -53.9127302,-28.3711879,0
                  -53.913876,-28.372067,0
                  -53.9127519,-28.3711873,0
                  -53.9304897,-28.3713933,0
                  -53.930609,-28.371404,0
                  -53.9296618,-28.3719307,0
                  -53.9286935,-28.3724381,0
                  -53.9275616,-28.3730304,0
                  -53.927239,-28.37319,0
                  -53.92675,-28.373607,0
                  -53.925947,-28.3745385,0
                  -53.925287,-28.375307,0
                  -53.920831,-28.375278,0
                  -53.920557,-28.384385,0
                  -53.91624,-28.384314,0
                  -53.916267,-28.379713,0
                  -53.91259,-28.379661,0
                  -53.9127302,-28.3711879,0
                </coordinates>
              </LinearRing>
            </outerBoundaryIs>
            <innerBoundaryIs>
              <LinearRing>
                <tessellate>1</tessellate>
                <coordinates>
                  -53.9158726,-28.3721903,0
                  -53.9184636,-28.3723696,0
                  -53.9202499,-28.3723555,0
                  -53.9252931,-28.3723733,0
                  -53.9252777,-28.37334,0
                  -53.9252838,-28.3738609,0
                  -53.9252845,-28.3743723,0
                  -53.919748,-28.374369,0
                  -53.919438,-28.383401,0
                  -53.917343,-28.383377,0
                  -53.917311,-28.378692,0
                  -53.913668,-28.378557,0
                  -53.913876,-28.372067,0
                  -53.9158726,-28.3721903,0
                </coordinates>
              </LinearRing>
            </innerBoundaryIs>
          </Polygon>
        </MultiGeometry>
      </Placemark>
      <Placemark>
        <name>ZC2 + ZR3 + ZI1</name>
        <description><![CDATA[Zona Comercial 2 + Zona Residencial 3 + Zona Industrial 1<br><br>EMPREENDEDORES<br>Antes de abrir seu empreendimento verifique as atividades permitidas no zoneamento (alvarás e licenças).<br>CONSTRUÇÕES<br>Verifique os parâmetros urbanísticos para edificações.<br><br>Acesse neste link o regime urbanístico (Anexo 1) e a lista de atividades permitidas no zoneamento (Anexo 3)<br>https://drive.google.com/file/d/1oRPJhnkInDqgu7KWmKXnNr1rbkjEIcyL/view?usp=sharing<br><br><br>*Este mapa é ilustrativo, em caso de dúvidas contatar a Secretaria Municipal de Planejamento (55) 3331-8200.]]></description>
        <styleUrl>#poly-000000-1-77</styleUrl>
        <Polygon>
          <outerBoundaryIs>
            <LinearRing>
              <tessellate>1</tessellate>
              <coordinates>
                -53.9095173,-28.3934097,0
                -53.90686,-28.39336,0
                -53.9068842,-28.3889924,0
                -53.9096174,-28.3890113,0
                -53.9095173,-28.3934097,0
              </coordinates>
            </LinearRing>
          </outerBoundaryIs>
          <innerBoundaryIs>
            <LinearRing>
              <tessellate>1</tessellate>
              <coordinates>
                -53.907221,-28.389149,0
                -53.909363,-28.389184,0
                -53.909222,-28.393143,0
                -53.90717,-28.393117,0
                -53.907221,-28.389149,0
              </coordinates>
            </LinearRing>
          </innerBoundaryIs>
        </Polygon>
      </Placemark>
      <Placemark>
        <name>Área ampliada (ZU3)</name>
        <description><![CDATA[Áreas ampliadas ao perímetro urbano<br><br>EMPREENDEDORES<br>Antes de abrir seu empreendimento verifique as atividades permitidas no zoneamento (alvarás e licenças).<br>CONSTRUÇÕES<br>Verifique os parâmetros urbanísticos para edificações.<br><br>Acesse neste link o regime urbanístico (Anexo 1) e a lista de atividades permitidas no zoneamento (Anexo 3)<br>https://drive.google.com/file/d/1oRPJhnkInDqgu7KWmKXnNr1rbkjEIcyL/view?usp=sharing<br><br><br>*Este mapa é ilustrativo, em caso de dúvidas contatar a Secretaria Municipal de Planejamento (55) 3331-8200.]]></description>
        <styleUrl>#poly-FF5252-1200-77</styleUrl>
        <Polygon>
          <outerBoundaryIs>
            <LinearRing>
              <tessellate>1</tessellate>
              <coordinates>
                -53.962643,-28.397788,0
                -53.962633,-28.400455,0
                -53.9219015,-28.4208177,0
                -53.9220285,-28.4180468,0
                -53.962643,-28.397788,0
              </coordinates>
            </LinearRing>
          </outerBoundaryIs>
        </Polygon>
      </Placemark>
      <Placemark>
        <name>Área ampliada (ZU3)</name>
        <description><![CDATA[Áreas ampliadas ao perímetro urbano<br><br>EMPREENDEDORES<br>Antes de abrir seu empreendimento verifique as atividades permitidas no zoneamento (alvarás e licenças).<br>CONSTRUÇÕES<br>Verifique os parâmetros urbanísticos para edificações.<br><br>Acesse neste link o regime urbanístico (Anexo 1) e a lista de atividades permitidas no zoneamento (Anexo 3)<br>https://drive.google.com/file/d/1oRPJhnkInDqgu7KWmKXnNr1rbkjEIcyL/view?usp=sharing<br><br><br>*Este mapa é ilustrativo, em caso de dúvidas contatar a Secretaria Municipal de Planejamento (55) 3331-8200.]]></description>
        <styleUrl>#poly-FF5252-1200-77</styleUrl>
        <Polygon>
          <outerBoundaryIs>
            <LinearRing>
              <tessellate>1</tessellate>
              <coordinates>
                -53.901158,-28.4143737,0
                -53.9052155,-28.4143396,0
                -53.9080107,-28.4160554,0
                -53.9099419,-28.4175652,0
                -53.911573,-28.4190547,0
                -53.91152,-28.4220467,0
                -53.911168,-28.4223097,0
                -53.911138,-28.4231847,0
                -53.915628,-28.4231857,0
                -53.9138579,-28.42384,0
                -53.9110469,-28.4246137,0
                -53.9079785,-28.425477,0
                -53.9055859,-28.4261752,0
                -53.9048027,-28.4264771,0
                -53.9041805,-28.4268074,0
                -53.9033865,-28.4273735,0
                -53.8998353,-28.4302323,0
                -53.8939237,-28.4349025,0
                -53.8927221,-28.4359308,0
                -53.8920783,-28.4366007,0
                -53.8899433,-28.4390253,0
                -53.888334,-28.4407328,0
                -53.886208,-28.4391037,0
                -53.885806,-28.4386567,0
                -53.885838,-28.4381517,0
                -53.885935,-28.4377537,0
                -53.8862526,-28.436912,0
                -53.885523,-28.4362044,0
                -53.884601,-28.4358447,0
                -53.884686,-28.4354787,0
                -53.884847,-28.4347637,0
                -53.885461,-28.4332557,0
                -53.886106,-28.4322617,0
                -53.8865315,-28.4319872,0
                -53.887219,-28.4319667,0
                -53.88787,-28.4321997,0
                -53.888684,-28.4326607,0
                -53.88923,-28.4327877,0
                -53.88978,-28.4326947,0
                -53.8901686,-28.4324495,0
                -53.890686,-28.4321627,0
                -53.891626,-28.4314897,0
                -53.892092,-28.4311567,0
                -53.892667,-28.4306937,0
                -53.893096,-28.4301857,0
                -53.894156,-28.4287647,0
                -53.894595,-28.4282907,0
                -53.895179,-28.4279396,0
                -53.895844,-28.4279117,0
                -53.896556,-28.4277827,0
                -53.897168,-28.4275297,0
                -53.897403,-28.4272917,0
                -53.8976359,-28.4268829,0
                -53.897897,-28.4261767,0
                -53.8981616,-28.4258639,0
                -53.89861,-28.4254867,0
                -53.899132,-28.4251827,0
                -53.901617,-28.4237267,0
                -53.902169,-28.4233987,0
                -53.902323,-28.4232417,0
                -53.902597,-28.4229337,0
                -53.901222,-28.4228977,0
                -53.901158,-28.4143737,0
              </coordinates>
            </LinearRing>
          </outerBoundaryIs>
        </Polygon>
      </Placemark>
      <Placemark>
        <name>ZC2 + ZR3 + ZI1</name>
        <description><![CDATA[Zona Comercial 2 + Zona Residencial 3 + Zona Industrial 1<br><br>EMPREENDEDORES<br>Antes de abrir seu empreendimento verifique as atividades permitidas no zoneamento (alvarás e licenças).<br>CONSTRUÇÕES<br>Verifique os parâmetros urbanísticos para edificações.<br><br>Acesse neste link o regime urbanístico (Anexo 1) e a lista de atividades permitidas no zoneamento (Anexo 3)<br>https://drive.google.com/file/d/1oRPJhnkInDqgu7KWmKXnNr1rbkjEIcyL/view?usp=sharing<br><br><br>*Este mapa é ilustrativo, em caso de dúvidas contatar a Secretaria Municipal de Planejamento (55) 3331-8200.]]></description>
        <styleUrl>#poly-000000-1-77</styleUrl>
        <Polygon>
          <outerBoundaryIs>
            <LinearRing>
              <tessellate>1</tessellate>
              <coordinates>
                -53.9324667,-28.3829409,0
                -53.9324707,-28.3833397,0
                -53.9322575,-28.3893428,0
                -53.9298166,-28.3892862,0
                -53.9272524,-28.3891918,0
                -53.9273007,-28.3863413,0
                -53.9272739,-28.3858458,0
                -53.9270446,-28.3852606,0
                -53.9266784,-28.3843343,0
                -53.927208,-28.3841464,0
                -53.9277388,-28.3839762,0
                -53.9290542,-28.3835641,0
                -53.9304876,-28.3830693,0
                -53.9311497,-28.3829091,0
                -53.9317143,-28.3827392,0
                -53.9321039,-28.382633,0
                -53.9324801,-28.3825315,0
                -53.9324667,-28.3829409,0
              </coordinates>
            </LinearRing>
          </outerBoundaryIs>
          <innerBoundaryIs>
            <LinearRing>
              <tessellate>1</tessellate>
              <coordinates>
                -53.9275567,-28.3889442,0
                -53.9275757,-28.3856572,0
                -53.9270637,-28.3844752,0
                -53.9322187,-28.3829012,0
                -53.9322174,-28.3829302,0
                -53.9320157,-28.3890232,0
                -53.9275567,-28.3889442,0
              </coordinates>
            </LinearRing>
          </innerBoundaryIs>
        </Polygon>
      </Placemark>
      <Placemark>
        <name>Área ampliada</name>
        <description><![CDATA[Áreas ampliadas ao perímetro urbano<br><br>EMPREENDEDORES<br>Antes de abrir seu empreendimento verifique as atividades permitidas no zoneamento (alvarás e licenças).<br>CONSTRUÇÕES<br>Verifique os parâmetros urbanísticos para edificações.<br><br>Acesse neste link o regime urbanístico (Anexo 1) e a lista de atividades permitidas no zoneamento (Anexo 3)<br>https://drive.google.com/file/d/1oRPJhnkInDqgu7KWmKXnNr1rbkjEIcyL/view?usp=sharing<br><br><br>*Este mapa é ilustrativo, em caso de dúvidas contatar a Secretaria Municipal de Planejamento (55) 3331-8200.]]></description>
        <styleUrl>#poly-FF5252-1200-77</styleUrl>
        <Polygon>
          <outerBoundaryIs>
            <LinearRing>
              <tessellate>1</tessellate>
              <coordinates>
                -53.898341,-28.409446,0
                -53.896309,-28.409458,0
                -53.896177,-28.404623,0
                -53.8964231,-28.4056282,0
                -53.8967557,-28.4067512,0
                -53.8971045,-28.4075264,0
                -53.8973351,-28.4080724,0
                -53.8978286,-28.4088273,0
                -53.898341,-28.409446,0
              </coordinates>
            </LinearRing>
          </outerBoundaryIs>
        </Polygon>
      </Placemark>
      <Placemark>
        <name>ZC2 + ZR3 + ZI1</name>
        <description><![CDATA[Zona Comercial 2 + Zona Residencial 3 + Zona Industrial 1<br><br>EMPREENDEDORES<br>Antes de abrir seu empreendimento verifique as atividades permitidas no zoneamento (alvarás e licenças).<br>CONSTRUÇÕES<br>Verifique os parâmetros urbanísticos para edificações.<br><br>Acesse neste link o regime urbanístico (Anexo 1) e a lista de atividades permitidas no zoneamento (Anexo 3)<br>https://drive.google.com/file/d/1oRPJhnkInDqgu7KWmKXnNr1rbkjEIcyL/view?usp=sharing<br><br><br>*Este mapa é ilustrativo, em caso de dúvidas contatar a Secretaria Municipal de Planejamento (55) 3331-8200.]]></description>
        <styleUrl>#poly-000000-1-0</styleUrl>
        <Polygon>
          <outerBoundaryIs>
            <LinearRing>
              <tessellate>1</tessellate>
              <coordinates>
                -53.9243563,-28.3847807,0
                -53.9250268,-28.3846804,0
                -53.9253447,-28.384656,0
                -53.926033,-28.384588,0
                -53.9262311,-28.3847417,0
                -53.9266603,-28.3844775,0
                -53.9267931,-28.384794,0
                -53.9270748,-28.3854748,0
                -53.92717,-28.3856919,0
                -53.9272089,-28.3858535,0
                -53.9272384,-28.3863609,0
                -53.9272169,-28.3873142,0
                -53.9272035,-28.3879454,0
                -53.9271793,-28.389178,0
                -53.9230112,-28.3891087,0
                -53.9221127,-28.3890827,0
                -53.9220724,-28.3884079,0
                -53.9221368,-28.3868033,0
                -53.922161,-28.3858901,0
                -53.9221542,-28.3847618,0
                -53.9236228,-28.3848176,0
                -53.9243563,-28.3847807,0
              </coordinates>
            </LinearRing>
          </outerBoundaryIs>
          <innerBoundaryIs>
            <LinearRing>
              <tessellate>1</tessellate>
              <coordinates>
                -53.925055,-28.384871,0
                -53.925666,-28.384835,0
                -53.926384,-28.385275,0
                -53.926921,-28.385772,0
                -53.926898,-28.388891,0
                -53.922341,-28.388833,0
                -53.922411,-28.384984,0
                -53.924319,-28.384986,0
                -53.9247949,-28.3849061,0
                -53.925055,-28.384871,0
              </coordinates>
            </LinearRing>
          </innerBoundaryIs>
        </Polygon>
      </Placemark>
      <Placemark>
        <name>ZC1 + ZR3</name>
        <description><![CDATA[Zona Comercial 1 (ZC1) + Zona Residencial 3 (ZR3)<br><br>EMPREENDEDORES<br>Antes de abrir seu empreendimento verifique as atividades permitidas no zoneamento (alvarás e licenças).<br>CONSTRUÇÕES<br>Verifique os parâmetros urbanísticos para edificações.<br><br>Acesse neste link o regime urbanístico (Anexo 1) e a lista de atividades permitidas no zoneamento (Anexo 3)<br>https://drive.google.com/file/d/1oRPJhnkInDqgu7KWmKXnNr1rbkjEIcyL/view?usp=sharing<br><br><br>*Este mapa é ilustrativo, em caso de dúvidas contatar a Secretaria Municipal de Planejamento (55) 3331-8200.]]></description>
        <styleUrl>#poly-3949AB-1-77</styleUrl>
        <Polygon>
          <outerBoundaryIs>
            <LinearRing>
              <tessellate>1</tessellate>
              <coordinates>
                -53.9322146,-28.3829036,0
                -53.932017,-28.389002,0
                -53.9275526,-28.3889466,0
                -53.9275716,-28.3856596,0
                -53.9270596,-28.3844776,0
                -53.9322146,-28.3829036,0
              </coordinates>
            </LinearRing>
          </outerBoundaryIs>
          <innerBoundaryIs>
            <LinearRing>
              <tessellate>1</tessellate>
              <coordinates>
                -53.930896,-28.388416,0
                -53.928215,-28.38841,0
                -53.928282,-28.385638,0
                -53.927878,-28.384864,0
                -53.930983,-28.383761,0
                -53.9309446,-28.3851768,0
                -53.930896,-28.388416,0
              </coordinates>
            </LinearRing>
          </innerBoundaryIs>
        </Polygon>
      </Placemark>
      <Placemark>
        <name>ZC1 + ZR3</name>
        <description><![CDATA[Zona Comercial 1 (ZC1) + Zona Residencial 3 (ZR3)<br><br>EMPREENDEDORES<br>Antes de abrir seu empreendimento verifique as atividades permitidas no zoneamento (alvarás e licenças).<br>CONSTRUÇÕES<br>Verifique os parâmetros urbanísticos para edificações.<br><br>Acesse neste link o regime urbanístico (Anexo 1) e a lista de atividades permitidas no zoneamento (Anexo 3)<br>https://drive.google.com/file/d/1oRPJhnkInDqgu7KWmKXnNr1rbkjEIcyL/view?usp=sharing<br><br><br>*Este mapa é ilustrativo, em caso de dúvidas contatar a Secretaria Municipal de Planejamento (55) 3331-8200.]]></description>
        <styleUrl>#poly-3949AB-1-0</styleUrl>
        <Polygon>
          <outerBoundaryIs>
            <LinearRing>
              <tessellate>1</tessellate>
              <coordinates>
                -53.9228932,-28.3849938,0
                -53.924319,-28.384986,0
                -53.925055,-28.384871,0
                -53.925666,-28.384835,0
                -53.926384,-28.385275,0
                -53.926921,-28.385772,0
                -53.926898,-28.388891,0
                -53.922341,-28.388833,0
                -53.922411,-28.384984,0
                -53.9228932,-28.3849938,0
              </coordinates>
            </LinearRing>
          </outerBoundaryIs>
          <innerBoundaryIs>
            <LinearRing>
              <tessellate>1</tessellate>
              <coordinates>
                -53.925684,-28.388,0
                -53.923428,-28.388017,0
                -53.92347,-28.385968,0
                -53.925746,-28.386073,0
                -53.925684,-28.388,0
              </coordinates>
            </LinearRing>
          </innerBoundaryIs>
        </Polygon>
      </Placemark>
      <Placemark>
        <name>ZC2 + ZR3 + ZI1</name>
        <description><![CDATA[Zona Comercial 2 + Zona Residencial 3 + Zona Industrial 1<br><br>EMPREENDEDORES<br>Antes de abrir seu empreendimento verifique as atividades permitidas no zoneamento (alvarás e licenças).<br>CONSTRUÇÕES<br>Verifique os parâmetros urbanísticos para edificações.<br><br>Acesse neste link o regime urbanístico (Anexo 1) e a lista de atividades permitidas no zoneamento (Anexo 3)<br>https://drive.google.com/file/d/1oRPJhnkInDqgu7KWmKXnNr1rbkjEIcyL/view?usp=sharing<br><br><br>*Este mapa é ilustrativo, em caso de dúvidas contatar a Secretaria Municipal de Planejamento (55) 3331-8200.]]></description>
        <styleUrl>#poly-000000-1-77</styleUrl>
        <Polygon>
          <outerBoundaryIs>
            <LinearRing>
              <tessellate>1</tessellate>
              <coordinates>
                -53.933099,-28.3757733,0
                -53.9328152,-28.3757585,0
                -53.9327937,-28.3752959,0
                -53.9329224,-28.3726056,0
                -53.9329707,-28.3712462,0
                -53.932894,-28.371225,0
                -53.9319783,-28.3711801,0
                -53.9323002,-28.3709913,0
                -53.9326006,-28.3707883,0
                -53.9328742,-28.3705429,0
                -53.9332121,-28.3701794,0
                -53.9337056,-28.3696177,0
                -53.934583,-28.368604,0
                -53.9353901,-28.3677721,0
                -53.9361465,-28.3669933,0
                -53.936306,-28.367109,0
                -53.9359265,-28.3674984,0
                -53.9347088,-28.36882,0
                -53.933642,-28.369954,0
                -53.933273,-28.370676,0
                -53.9332443,-28.371586,0
                -53.9331799,-28.3735024,0
                -53.933099,-28.3757733,0
              </coordinates>
            </LinearRing>
          </outerBoundaryIs>
        </Polygon>
      </Placemark>
      <Placemark>
        <name>ZC2 + ZR3 + ZI1</name>
        <description><![CDATA[Zona Comercial 2 + Zona Residencial 3 + Zona Industrial 1<br><br>EMPREENDEDORES<br>Antes de abrir seu empreendimento verifique as atividades permitidas no zoneamento (alvarás e licenças).<br>CONSTRUÇÕES<br>Verifique os parâmetros urbanísticos para edificações.<br><br>Acesse neste link o regime urbanístico (Anexo 1) e a lista de atividades permitidas no zoneamento (Anexo 3)<br>https://drive.google.com/file/d/1oRPJhnkInDqgu7KWmKXnNr1rbkjEIcyL/view?usp=sharing<br><br><br>*Este mapa é ilustrativo, em caso de dúvidas contatar a Secretaria Municipal de Planejamento (55) 3331-8200.]]></description>
        <styleUrl>#poly-000000-1-77</styleUrl>
        <Polygon>
          <outerBoundaryIs>
            <LinearRing>
              <tessellate>1</tessellate>
              <coordinates>
                -53.921503,-28.4171621,0
                -53.9213126,-28.4172682,0
                -53.9213206,-28.4166384,0
                -53.9213394,-28.4156924,0
                -53.9213635,-28.4141944,0
                -53.9213908,-28.4123638,0
                -53.9214386,-28.4072372,0
                -53.9216398,-28.4072443,0
                -53.9216103,-28.4110403,0
                -53.9216076,-28.4126067,0
                -53.9215674,-28.4144681,0
                -53.9215325,-28.4161453,0
                -53.921503,-28.4171621,0
              </coordinates>
            </LinearRing>
          </outerBoundaryIs>
        </Polygon>
      </Placemark>
      <Placemark>
        <name>ZR2</name>
        <description><![CDATA[Zona Residencial 2<br><br>EMPREENDEDORES<br>Antes de abrir seu empreendimento verifique as atividades permitidas no zoneamento (alvarás e licenças).<br>CONSTRUÇÕES<br>Verifique os parâmetros urbanísticos para edificações.<br><br>Acesse neste link o regime urbanístico (Anexo 1) e a lista de atividades permitidas no zoneamento (Anexo 3)<br>https://drive.google.com/file/d/1oRPJhnkInDqgu7KWmKXnNr1rbkjEIcyL/view?usp=sharing<br><br><br>*Este mapa é ilustrativo, em caso de dúvidas contatar a Secretaria Municipal de Planejamento (55) 3331-8200.]]></description>
        <styleUrl>#poly-FFEA00-1200-77</styleUrl>
        <MultiGeometry>
          <Polygon>
            <outerBoundaryIs>
              <LinearRing>
                <tessellate>1</tessellate>
                <coordinates>
                  -53.9116305,-28.4118544,0
                  -53.9116307,-28.4118421,0
                  -53.9117393,-28.4118511,0
                  -53.9116305,-28.4118544,0
                </coordinates>
              </LinearRing>
            </outerBoundaryIs>
          </Polygon>
          <Polygon>
            <outerBoundaryIs>
              <LinearRing>
                <tessellate>1</tessellate>
                <coordinates>
                  -53.9117546,-28.4049042,0
                  -53.9117566,-28.4049042,0
                  -53.9117451,-28.4054989,0
                  -53.9117546,-28.4049042,0
                </coordinates>
              </LinearRing>
            </outerBoundaryIs>
          </Polygon>
          <Polygon>
            <outerBoundaryIs>
              <LinearRing>
                <tessellate>1</tessellate>
                <coordinates>
                  -53.9119013,-28.4049054,0
                  -53.9119013,-28.4049055,0
                  -53.9117566,-28.4049042,0
                  -53.9119013,-28.4049054,0
                </coordinates>
              </LinearRing>
            </outerBoundaryIs>
          </Polygon>
          <Polygon>
            <outerBoundaryIs>
              <LinearRing>
                <tessellate>1</tessellate>
                <coordinates>
                  -53.9116228,-28.4118414,0
                  -53.9117451,-28.4054989,0
                  -53.9117092,-28.4077553,0
                  -53.9116307,-28.4118421,0
                  -53.9116228,-28.4118414,0
                </coordinates>
              </LinearRing>
            </outerBoundaryIs>
          </Polygon>
          <Polygon>
            <outerBoundaryIs>
              <LinearRing>
                <tessellate>1</tessellate>
                <coordinates>
                  -53.9119455,-28.4029791,0
                  -53.9151561,-28.4030404,0
                  -53.9151665,-28.4043886,0
                  -53.915145,-28.4049312,0
                  -53.9119013,-28.4049054,0
                  -53.9119455,-28.4029791,0
                </coordinates>
              </LinearRing>
            </outerBoundaryIs>
          </Polygon>
          <Polygon>
            <outerBoundaryIs>
              <LinearRing>
                <tessellate>1</tessellate>
                <coordinates>
                  -53.9117393,-28.4118511,0
                  -53.916651,-28.411702,0
                  -53.916718,-28.404927,0
                  -53.9158082,-28.4049356,0
                  -53.9159823,-28.4042106,0
                  -53.9179325,-28.4041618,0
                  -53.9179345,-28.4038223,0
                  -53.9214757,-28.4038928,0
                  -53.9214605,-28.4055381,0
                  -53.9216875,-28.405557,0
                  -53.9216391,-28.4072443,0
                  -53.9214366,-28.4072372,0
                  -53.9213946,-28.4120324,0
                  -53.9212122,-28.412141,0
                  -53.920947,-28.41225,0
                  -53.920606,-28.412292,0
                  -53.9191469,-28.4121881,0
                  -53.9157244,-28.4119758,0
                  -53.915242,-28.412044,0
                  -53.915002,-28.412161,0
                  -53.914709,-28.412356,0
                  -53.9144369,-28.4126977,0
                  -53.914361,-28.412877,0
                  -53.914343,-28.4130799,0
                  -53.914379,-28.413527,0
                  -53.9145496,-28.4139009,0
                  -53.915253,-28.415103,0
                  -53.9152952,-28.4152078,0
                  -53.915283,-28.415501,0
                  -53.9151933,-28.4157268,0
                  -53.915078,-28.415964,0
                  -53.9149305,-28.4161325,0
                  -53.9147534,-28.4162411,0
                  -53.9144638,-28.4163307,0
                  -53.913981,-28.4164581,0
                  -53.9136698,-28.4165336,0
                  -53.9132943,-28.4161892,0
                  -53.912237,-28.415209,0
                  -53.9107194,-28.4140235,0
                  -53.9093729,-28.4131082,0
                  -53.9070877,-28.4116974,0
                  -53.905967,-28.4109,0
                  -53.9029732,-28.4090269,0
                  -53.9015677,-28.4080454,0
                  -53.901906,-28.4074381,0
                  -53.9022973,-28.4070027,0
                  -53.902662,-28.4066016,0
                  -53.9036334,-28.4057488,0
                  -53.9045932,-28.4052521,0
                  -53.9056822,-28.4046009,0
                  -53.9064279,-28.4041385,0
                  -53.9072272,-28.4037091,0
                  -53.9080104,-28.4031712,0
                  -53.9083541,-28.4029177,0
                  -53.9115781,-28.402972,0
                  -53.9113139,-28.411854,0
                  -53.9111561,-28.414315,0
                  -53.9115943,-28.4146422,0
                  -53.911797,-28.4118559,0
                  -53.9117393,-28.4118511,0
                </coordinates>
              </LinearRing>
            </outerBoundaryIs>
          </Polygon>
        </MultiGeometry>
      </Placemark>
      <Placemark>
        <name>ZC2 + ZR3 + ZI1</name>
        <description><![CDATA[Zona Comercial 2 + Zona Residencial 3 + Zona Industrial 1<br><br>EMPREENDEDORES<br>Antes de abrir seu empreendimento verifique as atividades permitidas no zoneamento (alvarás e licenças).<br>CONSTRUÇÕES<br>Verifique os parâmetros urbanísticos para edificações.<br><br>Acesse neste link o regime urbanístico (Anexo 1) e a lista de atividades permitidas no zoneamento (Anexo 3)<br>https://drive.google.com/file/d/1oRPJhnkInDqgu7KWmKXnNr1rbkjEIcyL/view?usp=sharing<br><br><br>*Este mapa é ilustrativo, em caso de dúvidas contatar a Secretaria Municipal de Planejamento (55) 3331-8200.]]></description>
        <styleUrl>#poly-000000-1-77</styleUrl>
        <Polygon>
          <outerBoundaryIs>
            <LinearRing>
              <tessellate>1</tessellate>
              <coordinates>
                -53.9260436,-28.4046768,0
                -53.9253961,-28.4060971,0
                -53.9249938,-28.4069087,0
                -53.9244144,-28.408178,0
                -53.9242911,-28.4084705,0
                -53.9241087,-28.4088952,0
                -53.9237385,-28.4096171,0
                -53.9235615,-28.4099474,0
                -53.9232665,-28.4103767,0
                -53.922885,-28.410827,0
                -53.922978,-28.410625,0
                -53.923384,-28.409537,0
                -53.923791,-28.408012,0
                -53.9237383,-28.4067097,0
                -53.9237598,-28.4064927,0
                -53.9238832,-28.406219,0
                -53.924095,-28.405961,0
                -53.9241677,-28.4059131,0
                -53.9247739,-28.4055167,0
                -53.9251921,-28.4052093,0
                -53.925763,-28.404668,0
                -53.9260436,-28.4046768,0
              </coordinates>
            </LinearRing>
          </outerBoundaryIs>
        </Polygon>
      </Placemark>
      <Placemark>
        <name>ZC2 + ZR3 + ZI1</name>
        <description><![CDATA[Zona Comercial 2 + Zona Residencial 3 + Zona Industrial 1<br><br>EMPREENDEDORES<br>Antes de abrir seu empreendimento verifique as atividades permitidas no zoneamento (alvarás e licenças).<br>CONSTRUÇÕES<br>Verifique os parâmetros urbanísticos para edificações.<br><br>Acesse neste link o regime urbanístico (Anexo 1) e a lista de atividades permitidas no zoneamento (Anexo 3)<br>https://drive.google.com/file/d/1oRPJhnkInDqgu7KWmKXnNr1rbkjEIcyL/view?usp=sharing<br><br><br>*Este mapa é ilustrativo, em caso de dúvidas contatar a Secretaria Municipal de Planejamento (55) 3331-8200.]]></description>
        <styleUrl>#poly-000000-1200-105</styleUrl>
        <Polygon>
          <outerBoundaryIs>
            <LinearRing>
              <tessellate>1</tessellate>
              <coordinates>
                -53.9372077,-28.3957003,0
                -53.9372077,-28.3959551,0
                -53.9323743,-28.395889,0
                -53.9323797,-28.3956059,0
                -53.9372077,-28.3957003,0
              </coordinates>
            </LinearRing>
          </outerBoundaryIs>
        </Polygon>
      </Placemark>
      <Placemark>
        <name>ZC3</name>
        <description><![CDATA[Zona Comercial 3<br><br>EMPREENDEDORES<br>Antes de abrir seu empreendimento verifique as atividades permitidas no zoneamento (alvarás e licenças).<br>CONSTRUÇÕES<br>Verifique os parâmetros urbanísticos para edificações.<br><br>Acesse neste link o regime urbanístico (Anexo 1) e a lista de atividades permitidas no zoneamento (Anexo 3)<br>https://drive.google.com/file/d/1oRPJhnkInDqgu7KWmKXnNr1rbkjEIcyL/view?usp=sharing<br><br><br>*Este mapa é ilustrativo, em caso de dúvidas contatar a Secretaria Municipal de Planejamento (55) 3331-8200.]]></description>
        <styleUrl>#poly-4E342E-1200-222</styleUrl>
        <Polygon>
          <outerBoundaryIs>
            <LinearRing>
              <tessellate>1</tessellate>
              <coordinates>
                -53.9548516,-28.4006142,0
                -53.9547085,-28.4006146,0
                -53.9542219,-28.3996984,0
                -53.9538354,-28.3990855,0
                -53.9534118,-28.3982214,0
                -53.9530361,-28.3972451,0
                -53.9528915,-28.3968199,0
                -53.952784,-28.396273,0
                -53.9526874,-28.3952349,0
                -53.9526554,-28.3941678,0
                -53.9527369,-28.3922431,0
                -53.9527262,-28.3903083,0
                -53.9527299,-28.3892984,0
                -53.9527146,-28.3886094,0
                -53.9527329,-28.3878561,0
                -53.9527423,-28.3871346,0
                -53.9527798,-28.3857164,0
                -53.9529077,-28.378987,0
                -53.9530888,-28.3789881,0
                -53.9528576,-28.3873458,0
                -53.952833,-28.388806,0
                -53.9528522,-28.3898576,0
                -53.9528576,-28.3908722,0
                -53.9528189,-28.3929258,0
                -53.9527731,-28.3949984,0
                -53.95283,-28.395634,0
                -53.9529299,-28.3962743,0
                -53.9530519,-28.3968236,0
                -53.9532117,-28.3973279,0
                -53.9534751,-28.3980865,0
                -53.9538351,-28.398781,0
                -53.9540662,-28.3991498,0
                -53.9543667,-28.399721,0
                -53.9545742,-28.4000838,0
                -53.9548516,-28.4006142,0
              </coordinates>
            </LinearRing>
          </outerBoundaryIs>
        </Polygon>
      </Placemark>
      <Placemark>
        <name>ZC2 + ZR3 + ZI1</name>
        <description><![CDATA[Zona Comercial 2 + Zona Residencial 3 + Zona Industrial 1<br><br>EMPREENDEDORES<br>Antes de abrir seu empreendimento verifique as atividades permitidas no zoneamento (alvarás e licenças).<br>CONSTRUÇÕES<br>Verifique os parâmetros urbanísticos para edificações.<br><br>Acesse neste link o regime urbanístico (Anexo 1) e a lista de atividades permitidas no zoneamento (Anexo 3)<br>https://drive.google.com/file/d/1oRPJhnkInDqgu7KWmKXnNr1rbkjEIcyL/view?usp=sharing<br><br><br>*Este mapa é ilustrativo, em caso de dúvidas contatar a Secretaria Municipal de Planejamento (55) 3331-8200.]]></description>
        <styleUrl>#poly-000000-1-77</styleUrl>
        <Polygon>
          <outerBoundaryIs>
            <LinearRing>
              <tessellate>1</tessellate>
              <coordinates>
                -53.9034282,-28.3708326,0
                -53.9099578,-28.3709203,0
                -53.9098344,-28.3753902,0
                -53.9020207,-28.3752429,0
                -53.90205,-28.3744127,0
                -53.9020552,-28.3740098,0
                -53.9019907,-28.37395,0
                -53.9019451,-28.3739012,0
                -53.901878,-28.373876,0
                -53.901774,-28.37375,0
                -53.901594,-28.373665,0
                -53.9014115,-28.3736973,0
                -53.902035,-28.3719504,0
                -53.9022339,-28.3712856,0
                -53.90228,-28.370786,0
                -53.9034282,-28.3708326,0
              </coordinates>
            </LinearRing>
          </outerBoundaryIs>
          <innerBoundaryIs>
            <LinearRing>
              <tessellate>1</tessellate>
              <coordinates>
                -53.9034891,-28.3719252,0
                -53.9037313,-28.37193,0
                -53.9037311,-28.3719318,0
                -53.9034963,-28.371932,0
                -53.9034891,-28.3719252,0
              </coordinates>
            </LinearRing>
          </innerBoundaryIs>
          <innerBoundaryIs>
            <LinearRing>
              <tessellate>1</tessellate>
              <coordinates>
                -53.90228,-28.370786,0
                -53.9034911,-28.371889,0
                -53.9034891,-28.3719252,0
                -53.9028309,-28.3713863,0
                -53.90228,-28.370786,0
              </coordinates>
            </LinearRing>
          </innerBoundaryIs>
          <innerBoundaryIs>
            <LinearRing>
              <tessellate>1</tessellate>
              <coordinates>
                -53.9037311,-28.3719318,0
                -53.9048373,-28.371931,0
                -53.9048533,-28.371589,0
                -53.9061933,-28.371612,0
                -53.9062003,-28.371369,0
                -53.9086603,-28.371411,0
                -53.9086603,-28.371106,0
                -53.9096793,-28.371108,0
                -53.9096213,-28.3751,0
                -53.9033801,-28.3750104,0
                -53.9033785,-28.3738294,0
                -53.9033663,-28.3735729,0
                -53.9033809,-28.3733777,0
                -53.9033901,-28.3731448,0
                -53.9036086,-28.3731384,0
                -53.9036571,-28.3725069,0
                -53.9036652,-28.3721156,0
                -53.9036733,-28.3720604,0
                -53.9037243,-28.3719993,0
                -53.9037311,-28.3719318,0
              </coordinates>
            </LinearRing>
          </innerBoundaryIs>
        </Polygon>
      </Placemark>
      <Placemark>
        <name>ZC2 + ZR3 + ZI1</name>
        <description><![CDATA[Zona Comercial 2 + Zona Residencial 3 + Zona Industrial 1<br><br>EMPREENDEDORES<br>Antes de abrir seu empreendimento verifique as atividades permitidas no zoneamento (alvarás e licenças).<br>CONSTRUÇÕES<br>Verifique os parâmetros urbanísticos para edificações.<br><br>Acesse neste link o regime urbanístico (Anexo 1) e a lista de atividades permitidas no zoneamento (Anexo 3)<br>https://drive.google.com/file/d/1oRPJhnkInDqgu7KWmKXnNr1rbkjEIcyL/view?usp=sharing<br><br><br>*Este mapa é ilustrativo, em caso de dúvidas contatar a Secretaria Municipal de Planejamento (55) 3331-8200.]]></description>
        <styleUrl>#poly-000000-1200-102</styleUrl>
        <Polygon>
          <outerBoundaryIs>
            <LinearRing>
              <tessellate>1</tessellate>
              <coordinates>
                -53.8997813,-28.3741972,0
                -53.8997813,-28.3744379,0
                -53.8962247,-28.3744427,0
                -53.8962408,-28.3741547,0
                -53.8997813,-28.3741972,0
              </coordinates>
            </LinearRing>
          </outerBoundaryIs>
        </Polygon>
      </Placemark>
      <Placemark>
        <name>ZC2 + ZR3 + ZI1</name>
        <description><![CDATA[Zona Comercial 2 + Zona Residencial 3 + Zona Industrial 1<br><br>EMPREENDEDORES <br>Antes de abrir seu empreendimento verifique as atividades permitidas no zoneamento (alvarás e licenças).<br>CONSTRUÇÕES<br>Verifique os parâmetros urbanísticos para edificações.<br><br>Acesse neste link o regime urbanístico (Anexo 1) e a lista de atividades permitidas no zoneamento (Anexo 3)<br>https://drive.google.com/file/d/1oRPJhnkInDqgu7KWmKXnNr1rbkjEIcyL/view?usp=sharing<br><br><br>*Este mapa é ilustrativo, em caso de dúvidas contatar a Secretaria Municipal de Planejamento (55) 3331-8200.]]></description>
        <styleUrl>#poly-000000-1-94</styleUrl>
        <Polygon>
          <outerBoundaryIs>
            <LinearRing>
              <tessellate>1</tessellate>
              <coordinates>
                -53.9125893,-28.3706062,0
                -53.9122728,-28.370605,0
                -53.9123171,-28.3641525,0
                -53.9126711,-28.3641525,0
                -53.9125893,-28.3706062,0
              </coordinates>
            </LinearRing>
          </outerBoundaryIs>
        </Polygon>
      </Placemark>
      <Placemark>
        <name>ZC1</name>
        <description><![CDATA[Zona Comercial 1<br><br>EMPREENDEDORES<br>Antes de abrir seu empreendimento verifique as atividades permitidas no zoneamento (alvarás e licenças).<br>CONSTRUÇÕES<br>Verifique os parâmetros urbanísticos para edificações.<br><br>Acesse neste link o regime urbanístico (Anexo 1) e a lista de atividades permitidas no zoneamento (Anexo 3)<br>https://drive.google.com/file/d/1oRPJhnkInDqgu7KWmKXnNr1rbkjEIcyL/view?usp=sharing<br><br><br>*Este mapa é ilustrativo, em caso de dúvidas contatar a Secretaria Municipal de Planejamento (55) 3331-8200.]]></description>
        <styleUrl>#poly-3949AB-1-89</styleUrl>
        <Polygon>
          <outerBoundaryIs>
            <LinearRing>
              <tessellate>1</tessellate>
              <coordinates>
                -53.8943839,-28.3761893,0
                -53.8943866,-28.3786082,0
                -53.8941774,-28.3787356,0
                -53.8941492,-28.3767745,0
                -53.8923394,-28.3767466,0
                -53.8923481,-28.3765819,0
                -53.8941532,-28.3766075,0
                -53.8941506,-28.3761987,0
                -53.8943839,-28.3761893,0
              </coordinates>
            </LinearRing>
          </outerBoundaryIs>
        </Polygon>
      </Placemark>
      <Placemark>
        <name>Área Ampliada (ZU3)</name>
        <description><![CDATA[Áreas ampliadas ao perímetro urbano<br><br>EMPREENDEDORES<br>Antes de abrir seu empreendimento verifique as atividades permitidas no zoneamento (alvarás e licenças).<br>CONSTRUÇÕES<br>Verifique os parâmetros urbanísticos para edificações.<br><br>Acesse neste link o regime urbanístico (Anexo 1) e a lista de atividades permitidas no zoneamento (Anexo 3)<br>https://drive.google.com/file/d/1oRPJhnkInDqgu7KWmKXnNr1rbkjEIcyL/view?usp=sharing<br><br><br>*Este mapa é ilustrativo, em caso de dúvidas contatar a Secretaria Municipal de Planejamento (55) 3331-8200.]]></description>
        <styleUrl>#poly-FF5252-1200-77</styleUrl>
        <Polygon>
          <outerBoundaryIs>
            <LinearRing>
              <tessellate>1</tessellate>
              <coordinates>
                -53.877201,-28.382976,0
                -53.8707546,-28.3804422,0
                -53.8667206,-28.3777803,0
                -53.866506,-28.3776292,0
                -53.8661627,-28.3775348,0
                -53.865755,-28.3774971,0
                -53.865072,-28.3774277,0
                -53.8526694,-28.3760684,0
                -53.8520257,-28.3759551,0
                -53.8514856,-28.3760056,0
                -53.851035,-28.3760056,0
                -53.8506702,-28.3760434,0
                -53.8502196,-28.3761,0
                -53.8495973,-28.3762133,0
                -53.845803,-28.3773522,0
                -53.844501,-28.3772763,0
                -53.8399267,-28.3771909,0
                -53.8399192,-28.3747073,0
                -53.8422966,-28.3752908,0
                -53.8433714,-28.3755232,0
                -53.8443087,-28.3755632,0
                -53.8450781,-28.3755064,0
                -53.8460752,-28.3754022,0
                -53.8472496,-28.3750728,0
                -53.8482026,-28.3747171,0
                -53.8503688,-28.3740545,0
                -53.8518361,-28.373993,0
                -53.8646177,-28.3752032,0
                -53.8661181,-28.3754989,0
                -53.8682065,-28.3761844,0
                -53.8723444,-28.3784522,0
                -53.8759151,-28.3799245,0
                -53.875686,-28.380256,0
                -53.875702,-28.380415,0
                -53.875858,-28.380683,0
                -53.876148,-28.381018,0
                -53.876183,-28.381343,0
                -53.876442,-28.381624,0
                -53.876795,-28.382059,0
                -53.876967,-28.382145,0
                -53.877185,-28.382791,0
                -53.877201,-28.382976,0
              </coordinates>
            </LinearRing>
          </outerBoundaryIs>
        </Polygon>
      </Placemark>
      <Placemark>
        <name>ZC2 + ZR3 + ZI1</name>
        <description><![CDATA[Zona Comercial 2 + Zona Residencial 3 + Zona Industrial 1<br><br>EMPREENDEDORES<br>Antes de abrir seu empreendimento verifique as atividades permitidas no zoneamento (alvarás e licenças).<br>CONSTRUÇÕES<br>Verifique os parâmetros urbanísticos para edificações.<br><br>Acesse neste link o regime urbanístico (Anexo 1) e a lista de atividades permitidas no zoneamento (Anexo 3)<br>https://drive.google.com/file/d/1oRPJhnkInDqgu7KWmKXnNr1rbkjEIcyL/view?usp=sharing<br><br><br>*Este mapa é ilustrativo, em caso de dúvidas contatar a Secretaria Municipal de Planejamento (55) 3331-8200.]]></description>
        <styleUrl>#poly-000000-1-77</styleUrl>
        <Polygon>
          <outerBoundaryIs>
            <LinearRing>
              <tessellate>1</tessellate>
              <coordinates>
                -53.8828466,-28.3707624,0
                -53.8859608,-28.3707779,0
                -53.886344,-28.3715796,0
                -53.8867218,-28.3724019,0
                -53.8867013,-28.3728844,0
                -53.8869329,-28.3729585,0
                -53.8871092,-28.3731138,0
                -53.8871889,-28.3733447,0
                -53.8872392,-28.3736085,0
                -53.8872532,-28.3738891,0
                -53.8871712,-28.3741322,0
                -53.8868855,-28.3743424,0
                -53.8866373,-28.3743897,0
                -53.8865563,-28.3744474,0
                -53.8865552,-28.3745957,0
                -53.8867783,-28.3751284,0
                -53.8827764,-28.3751096,0
                -53.8828466,-28.3707624,0
              </coordinates>
            </LinearRing>
          </outerBoundaryIs>
        </Polygon>
      </Placemark>
      <Placemark>
        <name>ZR2</name>
        <description><![CDATA[Zona Residencial 2<br><br>EMPREENDEDORES<br>Antes de abrir seu empreendimento verifique as atividades permitidas no zoneamento (alvarás e licenças).<br>CONSTRUÇÕES<br>Verifique os parâmetros urbanísticos para edificações.<br><br>Acesse neste link o regime urbanístico (Anexo 1) e a lista de atividades permitidas no zoneamento (Anexo 3)<br>https://drive.google.com/file/d/1oRPJhnkInDqgu7KWmKXnNr1rbkjEIcyL/view?usp=sharing<br><br><br>*Este mapa é ilustrativo, em caso de dúvidas contatar a Secretaria Municipal de Planejamento (55) 3331-8200.]]></description>
        <styleUrl>#poly-FFEA00-1200-77</styleUrl>
        <MultiGeometry>
          <Polygon>
            <outerBoundaryIs>
              <LinearRing>
                <tessellate>1</tessellate>
                <coordinates>
                  -53.9015867,-28.3706135,0
                  -53.9015891,-28.3706135,0
                  -53.9015501,-28.3708202,0
                  -53.9015482,-28.3708202,0
                  -53.9015867,-28.3706135,0
                </coordinates>
              </LinearRing>
            </outerBoundaryIs>
          </Polygon>
          <Polygon>
            <outerBoundaryIs>
              <LinearRing>
                <tessellate>1</tessellate>
                <coordinates>
                  -53.895896,-28.3705406,0
                  -53.8954561,-28.3706211,0
                  -53.8948392,-28.3705716,0
                  -53.8858834,-28.3705099,0
                  -53.8817446,-28.3704958,0
                  -53.8817783,-28.368552,0
                  -53.8824435,-28.3687409,0
                  -53.8827868,-28.3686276,0
                  -53.8830229,-28.3684954,0
                  -53.8831731,-28.3683821,0
                  -53.8836666,-28.36808,0
                  -53.8836666,-28.3678346,0
                  -53.8995453,-28.3679479,0
                  -53.899613,-28.366118,0
                  -53.9017039,-28.3661599,0
                  -53.901632,-28.370136,0
                  -53.90159,-28.370596,0
                  -53.9015867,-28.3706135,0
                  -53.895896,-28.3705406,0
                </coordinates>
              </LinearRing>
            </outerBoundaryIs>
          </Polygon>
          <Polygon>
            <outerBoundaryIs>
              <LinearRing>
                <tessellate>1</tessellate>
                <coordinates>
                  -53.9015482,-28.3708202,0
                  -53.901509,-28.37103,0
                  -53.9013792,-28.3715703,0
                  -53.901276,-28.371948,0
                  -53.9009769,-28.3727409,0
                  -53.900434,-28.373822,0
                  -53.900038,-28.374537,0
                  -53.8992441,-28.3754785,0
                  -53.8985951,-28.3760543,0
                  -53.898405,-28.376217,0
                  -53.8983724,-28.3762525,0
                  -53.897929,-28.375908,0
                  -53.8980586,-28.375882,0
                  -53.898064,-28.37558,0
                  -53.896393,-28.3756154,0
                  -53.8963956,-28.3745888,0
                  -53.8915462,-28.3746313,0
                  -53.8915596,-28.3770172,0
                  -53.889478,-28.377037,0
                  -53.889391,-28.375461,0
                  -53.889097,-28.375175,0
                  -53.8867783,-28.3751284,0
                  -53.8865552,-28.3745957,0
                  -53.8865563,-28.3744474,0
                  -53.8866373,-28.3743897,0
                  -53.8868855,-28.3743424,0
                  -53.8871712,-28.3741322,0
                  -53.8872532,-28.3738891,0
                  -53.8872392,-28.3736085,0
                  -53.8871889,-28.3733447,0
                  -53.8871092,-28.3731138,0
                  -53.8869329,-28.3729585,0
                  -53.8867013,-28.3728844,0
                  -53.8867116,-28.3726986,0
                  -53.8867218,-28.3724019,0
                  -53.886344,-28.3715796,0
                  -53.8859608,-28.3707779,0
                  -53.8923893,-28.3708256,0
                  -53.8924279,-28.3723126,0
                  -53.8954759,-28.3723269,0
                  -53.8954796,-28.3708985,0
                  -53.895958,-28.370801,0
                  -53.9015482,-28.3708202,0
                </coordinates>
              </LinearRing>
            </outerBoundaryIs>
          </Polygon>
        </MultiGeometry>
      </Placemark>
      <Placemark>
        <name>ZC2 + ZR3 + ZI1</name>
        <description><![CDATA[Zona Comercial 2 + Zona Residencial 3 + Zona Industrial 1<br><br>EMPREENDEDORES<br>Antes de abrir seu empreendimento verifique as atividades permitidas no zoneamento (alvarás e licenças).<br>CONSTRUÇÕES<br>Verifique os parâmetros urbanísticos para edificações.<br><br>Acesse neste link o regime urbanístico (Anexo 1) e a lista de atividades permitidas no zoneamento (Anexo 3)<br>https://drive.google.com/file/d/1oRPJhnkInDqgu7KWmKXnNr1rbkjEIcyL/view?usp=sharing<br><br><br>*Este mapa é ilustrativo, em caso de dúvidas contatar a Secretaria Municipal de Planejamento (55) 3331-8200.]]></description>
        <styleUrl>#poly-000000-1200-77</styleUrl>
        <Polygon>
          <outerBoundaryIs>
            <LinearRing>
              <tessellate>1</tessellate>
              <coordinates>
                -53.9527146,-28.3886094,0
                -53.9523663,-28.3886188,0
                -53.9523612,-28.3881846,0
                -53.9516183,-28.3881905,0
                -53.9515943,-28.3867169,0
                -53.9512054,-28.3864502,0
                -53.9511598,-28.385655,0
                -53.9512291,-28.3789606,0
                -53.9529077,-28.378987,0
                -53.9528608,-28.3814327,0
                -53.9528326,-28.3841002,0
                -53.9527146,-28.3886094,0
              </coordinates>
            </LinearRing>
          </outerBoundaryIs>
        </Polygon>
      </Placemark>
      <Placemark>
        <name>ZC2 + ZR3 + ZI1</name>
        <description><![CDATA[Zona Comercial 2 + Zona Residencial 3 + Zona Industrial 1<br><br>EMPREENDEDORES<br>Antes de abrir seu empreendimento verifique as atividades permitidas no zoneamento (alvarás e licenças).<br>CONSTRUÇÕES<br>Verifique os parâmetros urbanísticos para edificações.<br><br>Acesse neste link o regime urbanístico (Anexo 1) e a lista de atividades permitidas no zoneamento (Anexo 3)<br>https://drive.google.com/file/d/1oRPJhnkInDqgu7KWmKXnNr1rbkjEIcyL/view?usp=sharing<br><br><br>*Este mapa é ilustrativo, em caso de dúvidas contatar a Secretaria Municipal de Planejamento (55) 3331-8200.]]></description>
        <styleUrl>#poly-757575-201-145</styleUrl>
        <Polygon>
          <outerBoundaryIs>
            <LinearRing>
              <tessellate>1</tessellate>
              <coordinates>
                -53.9214535,-28.4227799,0
                -53.9228667,-28.4233657,0
                -53.9228472,-28.4252838,0
                -53.923727,-28.4252743,0
                -53.9241561,-28.4287465,0
                -53.9212593,-28.4287465,0
                -53.921351,-28.4253244,0
                -53.9214535,-28.4227799,0
              </coordinates>
            </LinearRing>
          </outerBoundaryIs>
        </Polygon>
      </Placemark>
      <Placemark>
        <name>ZI2</name>
        <description><![CDATA[Zona Industrial 2<br><br>EMPREENDEDORES<br>Antes de abrir seu empreendimento verifique as atividades permitidas no zoneamento (alvarás e licenças).<br>CONSTRUÇÕES<br>Verifique os parâmetros urbanísticos para edificações.<br><br>Acesse neste link o regime urbanístico (Anexo 1) e a lista de atividades permitidas no zoneamento (Anexo 3)<br>https://drive.google.com/file/d/1oRPJhnkInDqgu7KWmKXnNr1rbkjEIcyL/view?usp=sharing<br><br><br>*Este mapa é ilustrativo, em caso de dúvidas contatar a Secretaria Municipal de Planejamento (55) 3331-8200.]]></description>
        <styleUrl>#poly-673AB7-1200-77</styleUrl>
        <Polygon>
          <outerBoundaryIs>
            <LinearRing>
              <tessellate>1</tessellate>
              <coordinates>
                -53.9238646,-28.4096392,0
                -53.9268257,-28.4096863,0
                -53.9268096,-28.4102148,0
                -53.9235481,-28.4101299,0
                -53.9238646,-28.4096392,0
              </coordinates>
            </LinearRing>
          </outerBoundaryIs>
        </Polygon>
      </Placemark>
      <Placemark>
        <name>ZR1</name>
        <description><![CDATA[Zona Residencial 1<br><br>EMPREENDEDORES<br>Antes de abrir seu empreendimento verifique as atividades permitidas no zoneamento (alvarás e licenças).<br>CONSTRUÇÕES<br>Verifique os parâmetros urbanísticos para edificações.<br><br>Acesse neste link o regime urbanístico (Anexo 1) e a lista de atividades permitidas no zoneamento (Anexo 3)<br>https://drive.google.com/file/d/1oRPJhnkInDqgu7KWmKXnNr1rbkjEIcyL/view?usp=sharing<br><br><br>*Este mapa é ilustrativo, em caso de dúvidas contatar a Secretaria Municipal de Planejamento (55) 3331-8200.]]></description>
        <styleUrl>#poly-F9A825-101-77</styleUrl>
        <Polygon>
          <outerBoundaryIs>
            <LinearRing>
              <tessellate>1</tessellate>
              <coordinates>
                -53.8954796,-28.3708985,0
                -53.8954759,-28.3723269,0
                -53.8924279,-28.3723126,0
                -53.8923893,-28.3708256,0
                -53.894868,-28.3708278,0
                -53.8954796,-28.3708985,0
              </coordinates>
            </LinearRing>
          </outerBoundaryIs>
        </Polygon>
      </Placemark>
      <Placemark>
        <name>ZC2 + ZR3 + ZI1</name>
        <description><![CDATA[Zona Comercial 2 + Zona Residencial 3 + Zona Industrial 1<br><br>EMPREENDEDORES<br>Antes de abrir seu empreendimento verifique as atividades permitidas no zoneamento (alvarás e licenças).<br>CONSTRUÇÕES<br>Verifique os parâmetros urbanísticos para edificações.<br><br>Acesse neste link o regime urbanístico (Anexo 1) e a lista de atividades permitidas no zoneamento (Anexo 3)<br>https://drive.google.com/file/d/1oRPJhnkInDqgu7KWmKXnNr1rbkjEIcyL/view?usp=sharing<br><br><br>*Este mapa é ilustrativo, em caso de dúvidas contatar a Secretaria Municipal de Planejamento (55) 3331-8200.]]></description>
        <styleUrl>#poly-000000-201-77</styleUrl>
        <Polygon>
          <outerBoundaryIs>
            <LinearRing>
              <tessellate>1</tessellate>
              <coordinates>
                -53.9119455,-28.4029791,0
                -53.9119013,-28.4049055,0
                -53.9117566,-28.4049042,0
                -53.9116305,-28.4118544,0
                -53.911797,-28.4118559,0
                -53.9115888,-28.4146598,0
                -53.9111561,-28.414315,0
                -53.9113139,-28.411854,0
                -53.9115781,-28.402972,0
                -53.9119455,-28.4029791,0
              </coordinates>
            </LinearRing>
          </outerBoundaryIs>
        </Polygon>
      </Placemark>
      <Placemark>
        <name>ZI2</name>
        <description><![CDATA[Zona Industrial 2<br><br>EMPREENDEDORES<br>Antes de abrir seu empreendimento verifique as atividades permitidas no zoneamento (alvarás e licenças).<br>CONSTRUÇÕES<br>Verifique os parâmetros urbanísticos para edificações.<br><br>Acesse neste link o regime urbanístico (Anexo 1) e a lista de atividades permitidas no zoneamento (Anexo 3)<br>https://drive.google.com/file/d/1oRPJhnkInDqgu7KWmKXnNr1rbkjEIcyL/view?usp=sharing<br><br><br>*Este mapa é ilustrativo, em caso de dúvidas contatar a Secretaria Municipal de Planejamento (55) 3331-8200.]]></description>
        <styleUrl>#poly-673AB7-1200-77</styleUrl>
        <Polygon>
          <outerBoundaryIs>
            <LinearRing>
              <tessellate>1</tessellate>
              <coordinates>
                -53.8799887,-28.3715855,0
                -53.880246,-28.37165,0
                -53.8801815,-28.3738077,0
                -53.8801707,-28.3744732,0
                -53.8801698,-28.3747467,0
                -53.880112,-28.375,0
                -53.879224,-28.375041,0
                -53.878779,-28.376157,0
                -53.878252,-28.376153,0
                -53.878195,-28.37691,0
                -53.8814823,-28.3769275,0
                -53.881444,-28.381223,0
                -53.8749,-28.378752,0
                -53.874289,-28.377297,0
                -53.874072,-28.377085,0
                -53.874013,-28.376936,0
                -53.873626,-28.37657,0
                -53.873378,-28.376146,0
                -53.8731695,-28.3759776,0
                -53.872943,-28.375512,0
                -53.872975,-28.375398,0
                -53.872996,-28.375211,0
                -53.873156,-28.375079,0
                -53.873349,-28.374754,0
                -53.87377,-28.374585,0
                -53.873962,-28.374442,0
                -53.874586,-28.373919,0
                -53.87448,-28.37298,0
                -53.874431,-28.371645,0
                -53.87362,-28.371687,0
                -53.873456,-28.370791,0
                -53.8761799,-28.370868,0
                -53.8764374,-28.3709341,0
                -53.8780897,-28.3717082,0
                -53.8785939,-28.3717554,0
                -53.8799887,-28.3715855,0
              </coordinates>
            </LinearRing>
          </outerBoundaryIs>
        </Polygon>
      </Placemark>
      <Placemark>
        <name>ZC2 + ZR3 + ZI1</name>
        <description><![CDATA[Zona Comercial 2 + Zona Residencial 3 + Zona Industrial 1<br><br>EMPREENDEDORES<br>Antes de abrir seu empreendimento verifique as atividades permitidas no zoneamento (alvarás e licenças).<br>CONSTRUÇÕES<br>Verifique os parâmetros urbanísticos para edificações.<br><br>Acesse neste link o regime urbanístico (Anexo 1) e a lista de atividades permitidas no zoneamento (Anexo 3)<br>https://drive.google.com/file/d/1oRPJhnkInDqgu7KWmKXnNr1rbkjEIcyL/view?usp=sharing<br><br><br>*Este mapa é ilustrativo, em caso de dúvidas contatar a Secretaria Municipal de Planejamento (55) 3331-8200.]]></description>
        <styleUrl>#poly-000000-1-77</styleUrl>
        <Polygon>
          <outerBoundaryIs>
            <LinearRing>
              <tessellate>1</tessellate>
              <coordinates>
                -53.8965338,-28.3960963,0
                -53.8960879,-28.396237,0
                -53.8956747,-28.3963276,0
                -53.8950537,-28.3963356,0
                -53.8950584,-28.396238,0
                -53.8956525,-28.3962069,0
                -53.8960608,-28.3961163,0
                -53.8964682,-28.395953,0
                -53.8965338,-28.3960963,0
              </coordinates>
            </LinearRing>
          </outerBoundaryIs>
        </Polygon>
      </Placemark>
      <Placemark>
        <name>ZC1 + ZR3</name>
        <description><![CDATA[Zona Comercial 1 (ZC1) + Zona Residencial 3 (ZR3)<br><br>EMPREENDEDORES<br>Antes de abrir seu empreendimento verifique as atividades permitidas no zoneamento (alvarás e licenças).<br>CONSTRUÇÕES<br>Verifique os parâmetros urbanísticos para edificações.<br><br>Acesse neste link o regime urbanístico (Anexo 1) e a lista de atividades permitidas no zoneamento (Anexo 3)<br>https://drive.google.com/file/d/1oRPJhnkInDqgu7KWmKXnNr1rbkjEIcyL/view?usp=sharing<br><br><br>*Este mapa é ilustrativo, em caso de dúvidas contatar a Secretaria Municipal de Planejamento (55) 3331-8200.]]></description>
        <styleUrl>#poly-3949AB-1-77</styleUrl>
        <Polygon>
          <outerBoundaryIs>
            <LinearRing>
              <tessellate>1</tessellate>
              <coordinates>
                -53.9088237,-28.3705461,0
                -53.9085775,-28.370543,0
                -53.9085908,-28.3703023,0
                -53.9088281,-28.370303,0
                -53.9088237,-28.3705461,0
              </coordinates>
            </LinearRing>
          </outerBoundaryIs>
        </Polygon>
      </Placemark>
      <Placemark>
        <name>Área Ampliada (ZU2)</name>
        <description><![CDATA[Áreas ampliadas ao perímetro urbano<br><br>EMPREENDEDORES<br>Antes de abrir seu empreendimento verifique as atividades permitidas no zoneamento (alvarás e licenças).<br>CONSTRUÇÕES<br>Verifique os parâmetros urbanísticos para edificações.<br><br>Acesse neste link o regime urbanístico (Anexo 1) e a lista de atividades permitidas no zoneamento (Anexo 3)<br>https://drive.google.com/file/d/1oRPJhnkInDqgu7KWmKXnNr1rbkjEIcyL/view?usp=sharing<br><br><br>*Este mapa é ilustrativo, em caso de dúvidas contatar a Secretaria Municipal de Planejamento (55) 3331-8200.]]></description>
        <styleUrl>#poly-FF5252-1200-77</styleUrl>
        <Polygon>
          <outerBoundaryIs>
            <LinearRing>
              <tessellate>1</tessellate>
              <coordinates>
                -53.8709422,-28.3687597,0
                -53.8797184,-28.3689863,0
                -53.8802978,-28.3684199,0
                -53.880684,-28.36825,0
                -53.8812204,-28.3682688,0
                -53.8817783,-28.368552,0
                -53.8817371,-28.370611,0
                -53.8816727,-28.3707432,0
                -53.881535,-28.373464,0
                -53.8812963,-28.3729814,0
                -53.8810066,-28.3725283,0
                -53.880395,-28.371742,0
                -53.880246,-28.37165,0
                -53.8799887,-28.3715855,0
                -53.8796239,-28.3716138,0
                -53.8785939,-28.3717554,0
                -53.8780897,-28.3717082,0
                -53.8767486,-28.3710663,0
                -53.8764374,-28.3709341,0
                -53.8761799,-28.370868,0
                -53.873456,-28.370791,0
                -53.870855,-28.370712,0
                -53.8709422,-28.3687597,0
              </coordinates>
            </LinearRing>
          </outerBoundaryIs>
        </Polygon>
      </Placemark>
    </Folder>
  </Document>
</kml>
